SSID,AVG_Signal(dBm),Timestamp,Location,color,Scan_Count
NTUST-UAM,-79,2025-11-02 14:13:02,Laptop-priority/current-periodics,Blue,772
NTUST-PEAP,-77,2025-11-02 14:13:02,Laptop-priority/current-periodics,Blue,646
eduroam,-81,2025-11-02 14:13:02,Laptop-priority/current-periodics,Blue,402
RTCL,-79,2025-11-02 14:13:02,Laptop-priority/current-periodics,Blue,16
ð,-72,2025-11-02 14:13:02,Laptop-priority/current-periodics,Blue,20
ASUS,-76,2025-11-02 14:13:02,Laptop-priority/current-periodics,Blue,15
NTUST.AD,-76,2025-11-02 14:13:02,Laptop-priority/current-periodics,Blue,19
AndroidAPB7B6,-68,2025-11-02 14:13:02,Laptop-priority/current-periodics,Blue,14
IB-9F,-94,2025-11-02 14:13:02,Laptop-priority/current-periodics,Blue,15
TP-Link_FC51_5G,-94,2025-11-02 14:13:02,Laptop-priority/current-periodics,Blue,9
IB-811_5G,-94,2025-11-02 14:13:02,Laptop-priority/current-periodics,Blue,10
810-2_5G,-94,2025-11-02 14:13:02,Laptop-priority/current-periodics,Blue,19
ð«â­ï¸â¨â¡ï¸ð«,-86,2025-11-02 14:13:02,Laptop-priority/current-periodics,Blue,19
æéº¼é£éº¼å¯æ æ²æç¶²è·¯,-78,2025-11-02 14:13:02,Laptop-priority/current-periodics,Blue,9
è¬æ¯çiPhone,-74,2025-11-02 14:13:02,Laptop-priority/current-periodics,Blue,19
åæ©é¤çè²æð¥¯,-69,2025-11-02 14:13:02,Laptop-priority/current-periodics,Blue,19
æè¢«iphoneæäºð©,-69,2025-11-02 14:13:02,Laptop-priority/current-periodics,Blue,19
Benben-5G,-95,2025-11-02 14:13:02,Laptop-priority/current-periodics,Blue,11
mcnlab,-89,2025-11-02 14:13:02,Laptop-priority/current-periodics,Blue,28
Hidden_Network,-87,2025-11-02 14:13:02,Laptop-priority/current-periodics,Blue,103
ESPEL_5G,-93,2025-11-02 14:13:02,Laptop-priority/current-periodics,Blue,24
GIDLE401-1_5G,-94,2025-11-02 14:13:02,Laptop-priority/current-periodics,Blue,16
ESD_5G,-95,2025-11-02 14:13:02,Laptop-priority/current-periodics,Blue,9
Benben_IoT,-84,2025-11-02 14:13:02,Laptop-priority/current-periodics,Blue,14
Yie & Esther,-95,2025-11-02 14:13:02,Laptop-priority/current-periodics,Blue,11
Yie Office,-92,2025-11-02 14:13:02,Laptop-priority/current-periodics,Blue,10
ZC-LoveYou,-76,2025-11-02 14:13:02,Laptop-priority/current-periodics,Blue,16
IB812_5G,-93,2025-11-02 14:13:02,Laptop-priority/current-periodics,Blue,9
Aolab300-3_5G,-91,2025-11-02 14:13:02,Laptop-priority/current-periodics,Blue,14
RB501,-84,2025-11-02 14:13:02,Laptop-priority/current-periodics,Blue,23
GIDLE401-1,-80,2025-11-02 14:13:02,Laptop-priority/current-periodics,Blue,7
Benben,-73,2025-11-02 14:13:02,Laptop-priority/current-periodics,Blue,13
RTCL.speed,-93,2025-11-02 14:13:02,Laptop-priority/current-periodics,Blue,10
ä¾é½ä¾äº,-91,2025-11-02 14:13:02,Laptop-priority/current-periodics,Blue,21
NGLA_24G,-71,2025-11-02 14:13:02,Laptop-priority/current-periodics,Blue,11
Hong office,-98,2025-11-02 14:13:02,Laptop-priority/current-periodics,Blue,6
ROOM-810_ç°æ§,-94,2025-11-02 14:13:02,Laptop-priority/current-periodics,Blue,11
TR-1021_5G,-96,2025-11-02 14:13:02,Laptop-priority/current-periodics,Blue,11
CI3D_5G,-89,2025-11-02 14:13:02,Laptop-priority/current-periodics,Blue,11
NTUST,-89,2025-11-02 14:13:02,Laptop-priority/current-periodics,Blue,16
MUTEC-5G,-97,2025-11-02 14:13:02,Laptop-priority/current-periodics,Blue,8
810-1_5G,-97,2025-11-02 14:13:02,Laptop-priority/current-periodics,Blue,7
"è¾¦å¬å®¤.o,",-89,2025-11-02 14:13:02,Laptop-priority/current-periodics,Blue,8
DIRECT-43-HP M479dw Color LJ,-86,2025-11-02 14:13:02,Laptop-priority/current-periodics,Blue,10
AIVC_5G,-95,2025-11-02 14:13:02,Laptop-priority/current-periodics,Blue,9
NTUST.AD_5G,-92,2025-11-02 14:13:02,Laptop-priority/current-periodics,Blue,6
E1-411-2,-97,2025-11-02 14:13:02,Laptop-priority/current-periodics,Blue,5
Nexlit-5GHz,-91,2025-11-02 14:13:02,Laptop-priority/current-periodics,Blue,5
PBL713_5G,-90,2025-11-02 14:13:02,Laptop-priority/current-periodics,Blue,4
CI3D,-72,2025-11-02 14:13:02,Laptop-priority/current-periodics,Blue,4
t4-602-1,-95,2025-11-02 14:13:02,Laptop-priority/current-periodics,Blue,3
Atechoem,-93,2025-11-02 14:13:02,Laptop-priority/current-periodics,Blue,2
Everfocus,-90,2025-11-02 14:13:02,Laptop-priority/current-periodics,Blue,2
SparkOffice-WIFI,-92,2025-11-02 14:13:02,Laptop-priority/current-periodics,Blue,4
Sparktech-Guest,-89,2025-11-02 14:13:02,Laptop-priority/current-periodics,Blue,2
meg1029_IoT,-95,2025-11-02 14:13:02,Laptop-priority/current-periodics,Blue,1
meg1029,-95,2025-11-02 14:13:02,Laptop-priority/current-periodics,Blue,1
ConnLab-Guest,-92,2025-11-02 14:13:02,Laptop-priority/current-periodics,Blue,1
ConnLab,-92,2025-11-02 14:13:02,Laptop-priority/current-periodics,Blue,1
Library-Office,-91,2025-11-02 14:13:02,Laptop-priority/current-periodics,Blue,1
TR828_5G,-89,2025-11-02 14:13:02,Laptop-priority/current-periodics,Blue,1
NTUST-UAM,-80,2025-11-02 14:17:52,Main-stairs/Top-picks,Coral,701
NTUST-PEAP,-78,2025-11-02 14:17:52,Main-stairs/Top-picks,Coral,619
eduroam,-82,2025-11-02 14:17:52,Main-stairs/Top-picks,Coral,378
æéº¼é£éº¼å¯æ æ²æç¶²è·¯,-75,2025-11-02 14:17:52,Main-stairs/Top-picks,Coral,20
TR-1021_5G,-92,2025-11-02 14:17:52,Main-stairs/Top-picks,Coral,18
ConnLab,-82,2025-11-02 14:17:52,Main-stairs/Top-picks,Coral,35
ConnLab-Guest,-81,2025-11-02 14:17:52,Main-stairs/Top-picks,Coral,37
810-2_5G,-94,2025-11-02 14:17:52,Main-stairs/Top-picks,Coral,9
ROOM-810_ç°æ§,-87,2025-11-02 14:17:52,Main-stairs/Top-picks,Coral,19
æè¢«iphoneæäºð©,-85,2025-11-02 14:17:52,Main-stairs/Top-picks,Coral,19
è¬æ¯çiPhone,-89,2025-11-02 14:17:52,Main-stairs/Top-picks,Coral,19
ð«â­ï¸â¨â¡ï¸ð«,-79,2025-11-02 14:17:52,Main-stairs/Top-picks,Coral,19
ð,-79,2025-11-02 14:17:52,Main-stairs/Top-picks,Coral,9
åæ©é¤çè²æð¥¯,-81,2025-11-02 14:17:52,Main-stairs/Top-picks,Coral,19
AndroidAPB7B6,-65,2025-11-02 14:17:52,Main-stairs/Top-picks,Coral,19
Nexlit-5GHz,-92,2025-11-02 14:17:52,Main-stairs/Top-picks,Coral,18
Hidden_Network,-84,2025-11-02 14:17:52,Main-stairs/Top-picks,Coral,112
810-1_5G,-95,2025-11-02 14:17:52,Main-stairs/Top-picks,Coral,14
Galaxy Note10+d6f3,-78,2025-11-02 14:17:52,Main-stairs/Top-picks,Coral,18
å°ç§å¤§éå£LED,-87,2025-11-02 14:17:52,Main-stairs/Top-picks,Coral,14
IB-9F,-92,2025-11-02 14:17:52,Main-stairs/Top-picks,Coral,16
general_7006,-77,2025-11-02 14:17:52,Main-stairs/Top-picks,Coral,17
CI3D_5G,-85,2025-11-02 14:17:52,Main-stairs/Top-picks,Coral,17
CI3D,-65,2025-11-02 14:17:52,Main-stairs/Top-picks,Coral,9
Yie & Esther,-87,2025-11-02 14:17:52,Main-stairs/Top-picks,Coral,15
MiniHubPro_AC84,-88,2025-11-02 14:17:52,Main-stairs/Top-picks,Coral,8
Library-Office,-79,2025-11-02 14:17:52,Main-stairs/Top-picks,Coral,31
VUKSRV21_1464,-78,2025-11-02 14:17:52,Main-stairs/Top-picks,Coral,13
MUTEC-5G,-96,2025-11-02 14:17:52,Main-stairs/Top-picks,Coral,8
The Lord is my shepherd,-97,2025-11-02 14:17:52,Main-stairs/Top-picks,Coral,13
ESD_5G,-91,2025-11-02 14:17:52,Main-stairs/Top-picks,Coral,12
Benben-5G,-95,2025-11-02 14:17:52,Main-stairs/Top-picks,Coral,8
dlink-48AE,-88,2025-11-02 14:17:52,Main-stairs/Top-picks,Coral,8
ASUS,-82,2025-11-02 14:17:52,Main-stairs/Top-picks,Coral,9
Benben_IoT,-98,2025-11-02 14:17:52,Main-stairs/Top-picks,Coral,8
ESPEL_5G,-97,2025-11-02 14:17:52,Main-stairs/Top-picks,Coral,14
i-zou Lin,-98,2025-11-02 14:17:52,Main-stairs/Top-picks,Coral,7
IB1225_5G,-96,2025-11-02 14:17:52,Main-stairs/Top-picks,Coral,6
Yie Office,-86,2025-11-02 14:17:52,Main-stairs/Top-picks,Coral,6
Sparktech-Guest,-97,2025-11-02 14:17:52,Main-stairs/Top-picks,Coral,5
SparkOffice-WIFI,-97,2025-11-02 14:17:52,Main-stairs/Top-picks,Coral,5
TR-1017 5G,-96,2025-11-02 14:17:52,Main-stairs/Top-picks,Coral,4
NTUST.AD_5G,-96,2025-11-02 14:17:52,Main-stairs/Top-picks,Coral,2
RB501,-94,2025-11-02 14:17:52,Main-stairs/Top-picks,Coral,1
NTUST-UAM,-73,2025-11-02 14:29:43,Top-picks/Audiovisual,Lilac,531
NTUST-PEAP,-73,2025-11-02 14:29:43,Top-picks/Audiovisual,Lilac,485
eduroam,-75,2025-11-02 14:29:43,Top-picks/Audiovisual,Lilac,272
The Lord is my shepherd,-89,2025-11-02 14:29:43,Top-picks/Audiovisual,Lilac,20
Galaxy Note10+d6f3,-90,2025-11-02 14:29:43,Top-picks/Audiovisual,Lilac,20
ConnLab,-84,2025-11-02 14:29:43,Top-picks/Audiovisual,Lilac,39
Library-Office,-85,2025-11-02 14:29:43,Top-picks/Audiovisual,Lilac,38
ConnLab-Guest,-85,2025-11-02 14:29:43,Top-picks/Audiovisual,Lilac,36
åæ©é¤çè²æð¥¯,-90,2025-11-02 14:29:43,Top-picks/Audiovisual,Lilac,19
CI3D_5G,-92,2025-11-02 14:29:43,Top-picks/Audiovisual,Lilac,19
ROOM-810_ç°æ§,-90,2025-11-02 14:29:43,Top-picks/Audiovisual,Lilac,9
Hidden_Network,-88,2025-11-02 14:29:43,Top-picks/Audiovisual,Lilac,80
ð«â­ï¸â¨â¡ï¸ð«,-74,2025-11-02 14:29:43,Top-picks/Audiovisual,Lilac,19
è¬æ¯çiPhone,-88,2025-11-02 14:29:43,Top-picks/Audiovisual,Lilac,19
general_7006,-89,2025-11-02 14:29:43,Top-picks/Audiovisual,Lilac,14
æè¢«iphoneæäºð©,-95,2025-11-02 14:29:43,Top-picks/Audiovisual,Lilac,17
å°ç§å¤§éå£LED,-91,2025-11-02 14:29:43,Top-picks/Audiovisual,Lilac,14
SEED603,-96,2025-11-02 14:29:43,Top-picks/Audiovisual,Lilac,12
Nexlit-5GHz,-94,2025-11-02 14:29:43,Top-picks/Audiovisual,Lilac,11
MUTEC-5G,-94,2025-11-02 14:29:43,Top-picks/Audiovisual,Lilac,10
Yie & Esther,-94,2025-11-02 14:29:43,Top-picks/Audiovisual,Lilac,10
Yie Office,-93,2025-11-02 14:29:43,Top-picks/Audiovisual,Lilac,9
S24-5G_807632,-95,2025-11-02 14:29:43,Top-picks/Audiovisual,Lilac,9
CI3D,-81,2025-11-02 14:29:43,Top-picks/Audiovisual,Lilac,9
WangOffice,-84,2025-11-02 14:29:43,Top-picks/Audiovisual,Lilac,2
NTUST-UAM,-83,2025-11-02 14:33:21,Hallway/LeftEnd,Pink,752
NTUST-PEAP,-80,2025-11-02 14:33:21,Hallway/LeftEnd,Pink,613
eduroam,-84,2025-11-02 14:33:21,Hallway/LeftEnd,Pink,383
ASUS,-88,2025-11-02 14:33:21,Hallway/LeftEnd,Pink,13
AndroidAPB7B6,-76,2025-11-02 14:33:21,Hallway/LeftEnd,Pink,10
æéº¼é£éº¼å¯æ æ²æç¶²è·¯,-83,2025-11-02 14:33:21,Hallway/LeftEnd,Pink,16
Galaxy Note10+d6f3,-87,2025-11-02 14:33:21,Hallway/LeftEnd,Pink,12
Hidden_Network,-83,2025-11-02 14:33:21,Hallway/LeftEnd,Pink,78
Library-Office,-82,2025-11-02 14:33:21,Hallway/LeftEnd,Pink,40
ConnLab-Guest,-81,2025-11-02 14:33:21,Hallway/LeftEnd,Pink,40
ConnLab,-80,2025-11-02 14:33:21,Hallway/LeftEnd,Pink,40
åæ©é¤çè²æð¥¯,-96,2025-11-02 14:33:21,Hallway/LeftEnd,Pink,9
general_7006,-94,2025-11-02 14:33:21,Hallway/LeftEnd,Pink,14
å°ç§å¤§éå£LED,-97,2025-11-02 14:33:21,Hallway/LeftEnd,Pink,15
ð«â­ï¸â¨â¡ï¸ð«,-90,2025-11-02 14:33:21,Hallway/LeftEnd,Pink,11
D-LIIK-D4,-92,2025-11-02 14:33:21,Hallway/LeftEnd,Pink,17
t4-602-1,-94,2025-11-02 14:33:21,Hallway/LeftEnd,Pink,9
R805_5G,-91,2025-11-02 14:33:21,Hallway/LeftEnd,Pink,9
701-1,-84,2025-11-02 14:33:21,Hallway/LeftEnd,Pink,10
RB201,-76,2025-11-02 14:33:21,Hallway/LeftEnd,Pink,11
T1-DT01,-98,2025-11-02 14:33:21,Hallway/LeftEnd,Pink,10
ROOM-810_ç°æ§,-81,2025-11-02 14:33:21,Hallway/LeftEnd,Pink,10
Yie & Esther,-96,2025-11-02 14:33:21,Hallway/LeftEnd,Pink,9
Yie Office,-96,2025-11-02 14:33:21,Hallway/LeftEnd,Pink,9
The Lord is my shepherd,-94,2025-11-02 14:33:21,Hallway/LeftEnd,Pink,11
WIFIDVR_46805F,-98,2025-11-02 14:33:21,Hallway/LeftEnd,Pink,5
Prof.W,-92,2025-11-02 14:33:21,Hallway/LeftEnd,Pink,5
AirBox2-F5E6,-92,2025-11-02 14:33:21,Hallway/LeftEnd,Pink,5
RB-102,-90,2025-11-02 14:33:21,Hallway/LeftEnd,Pink,5
pssdlink-A750,-81,2025-11-02 14:33:21,Hallway/LeftEnd,Pink,4
RB-412,-95,2025-11-02 14:33:21,Hallway/LeftEnd,Pink,3
CI3D,-80,2025-11-02 14:33:21,Hallway/LeftEnd,Pink,3
NTUST-UAM,-84,2025-11-02 14:36:46,Stairs/RightEnd,Orange,491
NTUST-PEAP,-84,2025-11-02 14:36:46,Stairs/RightEnd,Orange,468
AndroidAPB7B6,-93,2025-11-02 14:36:46,Stairs/RightEnd,Orange,11
ConnLab,-86,2025-11-02 14:36:46,Stairs/RightEnd,Orange,27
BBA-1028,-88,2025-11-02 14:36:46,Stairs/RightEnd,Orange,22
eduroam,-86,2025-11-02 14:36:46,Stairs/RightEnd,Orange,275
æéº¼é£éº¼å¯æ æ²æç¶²è·¯,-75,2025-11-02 14:36:46,Stairs/RightEnd,Orange,17
Library-Office,-89,2025-11-02 14:36:46,Stairs/RightEnd,Orange,26
ConnLab-Guest,-87,2025-11-02 14:36:46,Stairs/RightEnd,Orange,26
Galaxy Note10+d6f3,-94,2025-11-02 14:36:46,Stairs/RightEnd,Orange,10
"""T1-202""",-78,2025-11-02 14:36:46,Stairs/RightEnd,Orange,15
T1-DT02,-80,2025-11-02 14:36:46,Stairs/RightEnd,Orange,16
T1-DT02_5G,-91,2025-11-02 14:36:46,Stairs/RightEnd,Orange,15
Sparktech-Guest,-93,2025-11-02 14:36:46,Stairs/RightEnd,Orange,34
T1-DT01,-88,2025-11-02 14:36:46,Stairs/RightEnd,Orange,14
Everfocus,-91,2025-11-02 14:36:46,Stairs/RightEnd,Orange,25
SparkOffice-WIFI,-91,2025-11-02 14:36:46,Stairs/RightEnd,Orange,40
t405,-88,2025-11-02 14:36:46,Stairs/RightEnd,Orange,13
ASUS,-85,2025-11-02 14:36:46,Stairs/RightEnd,Orange,7
ð,-82,2025-11-02 14:36:46,Stairs/RightEnd,Orange,7
DIRECT-07-HP M255 LaserJet,-90,2025-11-02 14:36:46,Stairs/RightEnd,Orange,8
RB201,-75,2025-11-02 14:36:46,Stairs/RightEnd,Orange,20
Atechoem,-90,2025-11-02 14:36:46,Stairs/RightEnd,Orange,20
Benben,-80,2025-11-02 14:36:46,Stairs/RightEnd,Orange,11
TP-Link_FC52,-89,2025-11-02 14:36:46,Stairs/RightEnd,Orange,9
ASUS_70_2G,-82,2025-11-02 14:36:46,Stairs/RightEnd,Orange,8
NTUST.AD,-78,2025-11-02 14:36:46,Stairs/RightEnd,Orange,10
CI3D_5G,-94,2025-11-02 14:36:46,Stairs/RightEnd,Orange,6
CI3D,-94,2025-11-02 14:36:46,Stairs/RightEnd,Orange,6
Ce2,-94,2025-11-02 14:36:46,Stairs/RightEnd,Orange,7
DIRECT-96-HP M283 LaserJet,-93,2025-11-02 14:36:46,Stairs/RightEnd,Orange,6
Alan,-91,2025-11-02 14:36:46,Stairs/RightEnd,Orange,8
NTUST,-86,2025-11-02 14:36:46,Stairs/RightEnd,Orange,11
Hidden_Network,-89,2025-11-02 14:36:46,Stairs/RightEnd,Orange,72
ptt,-80,2025-11-02 14:36:46,Stairs/RightEnd,Orange,15
sfchou_2G,-86,2025-11-02 14:36:46,Stairs/RightEnd,Orange,9
Dean,-91,2025-11-02 14:36:46,Stairs/RightEnd,Orange,6
D-Link ho,-95,2025-11-02 14:36:46,Stairs/RightEnd,Orange,2
cwlab,-89,2025-11-02 14:36:46,Stairs/RightEnd,Orange,6
RB501,-83,2025-11-02 14:36:46,Stairs/RightEnd,Orange,16
Yie & Esther,-85,2025-11-02 14:36:46,Stairs/RightEnd,Orange,12
SCLAB,-84,2025-11-02 14:36:46,Stairs/RightEnd,Orange,9
HAIR,-81,2025-11-02 14:36:46,Stairs/RightEnd,Orange,9
TR1102-3,-84,2025-11-02 14:36:46,Stairs/RightEnd,Orange,8
RB-309,-86,2025-11-02 14:36:46,Stairs/RightEnd,Orange,9
AC-Office(T1-203),-85,2025-11-02 14:36:46,Stairs/RightEnd,Orange,5
TR-1021,-73,2025-11-02 14:36:46,Stairs/RightEnd,Orange,7
Benben_IoT,-86,2025-11-02 14:36:46,Stairs/RightEnd,Orange,17
RB202,-96,2025-11-02 14:36:46,Stairs/RightEnd,Orange,1
SODA LAB,-94,2025-11-02 14:36:46,Stairs/RightEnd,Orange,5
Virus,-93,2025-11-02 14:36:46,Stairs/RightEnd,Orange,7
_Velop8E6,-87,2025-11-02 14:36:46,Stairs/RightEnd,Orange,6
AEML_2.4G,-89,2025-11-02 14:36:46,Stairs/RightEnd,Orange,5
CRESTRON-101,-88,2025-11-02 14:36:46,Stairs/RightEnd,Orange,8
NVCGAL,-82,2025-11-02 14:36:46,Stairs/RightEnd,Orange,8
DIRECT-D5-EPSON-L14150 Series,-83,2025-11-02 14:36:46,Stairs/RightEnd,Orange,6
T4-406,-89,2025-11-02 14:36:46,Stairs/RightEnd,Orange,12
T4-512,-82,2025-11-02 14:36:46,Stairs/RightEnd,Orange,6
TR-1021_5G,-87,2025-11-02 14:36:46,Stairs/RightEnd,Orange,7
dlink-2F90,-86,2025-11-02 14:36:46,Stairs/RightEnd,Orange,8
PMCCLLab,-77,2025-11-02 14:36:46,Stairs/RightEnd,Orange,5
DIRECT-d6-HP M236 LaserJet,-87,2025-11-02 14:36:46,Stairs/RightEnd,Orange,8
RBdesign,-71,2025-11-02 14:36:46,Stairs/RightEnd,Orange,6
mvclab,-72,2025-11-02 14:36:46,Stairs/RightEnd,Orange,5
Benben-5G,-89,2025-11-02 14:36:46,Stairs/RightEnd,Orange,8
DIRECT-67-HP M283 LaserJet,-71,2025-11-02 14:36:46,Stairs/RightEnd,Orange,8
T1-DT01_5G,-95,2025-11-02 14:36:46,Stairs/RightEnd,Orange,6
TR828_5G,-96,2025-11-02 14:36:46,Stairs/RightEnd,Orange,3
T4-306,-90,2025-11-02 14:36:46,Stairs/RightEnd,Orange,5
Yie Office,-85,2025-11-02 14:36:46,Stairs/RightEnd,Orange,10
é¡&å¨çç ç©¶çå°å±¬,-85,2025-11-02 14:36:46,Stairs/RightEnd,Orange,5
ME-E1-1F,-83,2025-11-02 14:36:46,Stairs/RightEnd,Orange,5
RSC_Office,-80,2025-11-02 14:36:46,Stairs/RightEnd,Orange,5
lapin,-94,2025-11-02 14:36:46,Stairs/RightEnd,Orange,5
meg1029_IoT,-92,2025-11-02 14:36:46,Stairs/RightEnd,Orange,5
TR1020_5G,-92,2025-11-02 14:36:46,Stairs/RightEnd,Orange,6
SFOairport,-91,2025-11-02 14:36:46,Stairs/RightEnd,Orange,5
OnyxWireless-Office,-90,2025-11-02 14:36:46,Stairs/RightEnd,Orange,5
OnyxWireless-GUEST,-89,2025-11-02 14:36:46,Stairs/RightEnd,Orange,5
iHelper-Office,-88,2025-11-02 14:36:46,Stairs/RightEnd,Orange,5
Wireless-LDAP,-88,2025-11-02 14:36:46,Stairs/RightEnd,Orange,5
RB-309-5GHz,-97,2025-11-02 14:36:46,Stairs/RightEnd,Orange,1
YY,-86,2025-11-02 14:36:46,Stairs/RightEnd,Orange,10
Opking_wifi6,-86,2025-11-02 14:36:46,Stairs/RightEnd,Orange,5
GIDLE606,-86,2025-11-02 14:36:46,Stairs/RightEnd,Orange,5
TR-1017 5G,-95,2025-11-02 14:36:46,Stairs/RightEnd,Orange,4
NTUST.AD_5G,-94,2025-11-02 14:36:46,Stairs/RightEnd,Orange,4
T4-834,-90,2025-11-02 14:36:46,Stairs/RightEnd,Orange,4
WangOffice,-83,2025-11-02 14:36:46,Stairs/RightEnd,Orange,4
meg1029,-79,2025-11-02 14:36:46,Stairs/RightEnd,Orange,4
Siaomimo906,-78,2025-11-02 14:36:46,Stairs/RightEnd,Orange,4
NTUST-UAM,-79,2025-11-03 08:45:22,Laptop-priority/current-periodics,Blue,698
NTUST-PEAP,-77,2025-11-03 08:45:22,Laptop-priority/current-periodics,Blue,639
810-2,-89,2025-11-03 08:45:22,Laptop-priority/current-periodics,Blue,8
eduroam,-81,2025-11-03 08:45:22,Laptop-priority/current-periodics,Blue,413
mcnlab,-91,2025-11-03 08:45:22,Laptop-priority/current-periodics,Blue,33
meg1029_IoT,-97,2025-11-03 08:45:22,Laptop-priority/current-periodics,Blue,10
Atechoem,-96,2025-11-03 08:45:22,Laptop-priority/current-periodics,Blue,16
GIDLE401-1_5G,-94,2025-11-03 08:45:22,Laptop-priority/current-periodics,Blue,19
Nexlit-5GHz,-94,2025-11-03 08:45:22,Laptop-priority/current-periodics,Blue,7
general_7006,-89,2025-11-03 08:45:22,Laptop-priority/current-periodics,Blue,19
810-2_5G,-92,2025-11-03 08:45:22,Laptop-priority/current-periodics,Blue,19
CI3D_5G,-91,2025-11-03 08:45:22,Laptop-priority/current-periodics,Blue,18
Yie Office,-89,2025-11-03 08:45:22,Laptop-priority/current-periodics,Blue,15
Yie & Esther,-90,2025-11-03 08:45:22,Laptop-priority/current-periodics,Blue,15
Loser,-77,2025-11-03 08:45:22,Laptop-priority/current-periodics,Blue,15
ConnLab-Guest,-95,2025-11-03 08:45:22,Laptop-priority/current-periodics,Blue,13
ConnLab,-95,2025-11-03 08:45:22,Laptop-priority/current-periodics,Blue,13
cadlab,-81,2025-11-03 08:45:22,Laptop-priority/current-periodics,Blue,9
ZC-LoveYou,-77,2025-11-03 08:45:22,Laptop-priority/current-periodics,Blue,18
Hidden_Network,-93,2025-11-03 08:45:22,Laptop-priority/current-periodics,Blue,96
BBA-1028,-89,2025-11-03 08:45:22,Laptop-priority/current-periodics,Blue,19
TR-1021_5G,-94,2025-11-03 08:45:22,Laptop-priority/current-periodics,Blue,15
RB501,-87,2025-11-03 08:45:22,Laptop-priority/current-periodics,Blue,33
TP-Link_Guest_7D28,-91,2025-11-03 08:45:22,Laptop-priority/current-periodics,Blue,7
ROOM-810_ç°æ§,-86,2025-11-03 08:45:22,Laptop-priority/current-periodics,Blue,27
NGLA_24G,-80,2025-11-03 08:45:22,Laptop-priority/current-periodics,Blue,14
IB-811_2.4G,-91,2025-11-03 08:45:22,Laptop-priority/current-periodics,Blue,11
Â¿Â§flxÌÃ¾Â¤naÃ¦Â¡ÆÄµgÃ°mÉ²,-91,2025-11-03 08:45:22,Laptop-priority/current-periodics,Blue,7
DIRECT-d6-HP M236 LaserJet,-90,2025-11-03 08:45:22,Laptop-priority/current-periodics,Blue,7
DIRECT-43-HP M479dw Color LJ,-84,2025-11-03 08:45:22,Laptop-priority/current-periodics,Blue,7
ASUS,-84,2025-11-03 08:45:22,Laptop-priority/current-periodics,Blue,14
IB-9F,-92,2025-11-03 08:45:22,Laptop-priority/current-periodics,Blue,15
Benben_IoT,-85,2025-11-03 08:45:22,Laptop-priority/current-periodics,Blue,13
Benben-5G,-91,2025-11-03 08:45:22,Laptop-priority/current-periodics,Blue,6
DIRECT-07-HP M255 LaserJet,-82,2025-11-03 08:45:22,Laptop-priority/current-periodics,Blue,6
dlink-A08C-5GHz,-98,2025-11-03 08:45:22,Laptop-priority/current-periodics,Blue,5
Everfocus,-94,2025-11-03 08:45:22,Laptop-priority/current-periodics,Blue,19
ptt,-98,2025-11-03 08:45:22,Laptop-priority/current-periodics,Blue,8
_Velop8E6,-89,2025-11-03 08:45:22,Laptop-priority/current-periodics,Blue,6
Benben,-76,2025-11-03 08:45:22,Laptop-priority/current-periodics,Blue,6
NTUST.AD,-82,2025-11-03 08:45:22,Laptop-priority/current-periodics,Blue,9
ESPEL_5G,-90,2025-11-03 08:45:22,Laptop-priority/current-periodics,Blue,10
E1-411-2,-97,2025-11-03 08:45:22,Laptop-priority/current-periodics,Blue,7
t4-602-1,-89,2025-11-03 08:45:22,Laptop-priority/current-periodics,Blue,7
Peter_Wang,-88,2025-11-03 08:45:22,Laptop-priority/current-periodics,Blue,7
RTCL,-78,2025-11-03 08:45:22,Laptop-priority/current-periodics,Blue,12
chiang_yu_da,-79,2025-11-03 08:45:22,Laptop-priority/current-periodics,Blue,13
NTUST,-90,2025-11-03 08:45:22,Laptop-priority/current-periodics,Blue,13
ä¾é½ä¾äº,-90,2025-11-03 08:45:22,Laptop-priority/current-periodics,Blue,32
Aolab300-3_5G,-86,2025-11-03 08:45:22,Laptop-priority/current-periodics,Blue,7
NTUST-PEAP-5G,-97,2025-11-03 08:45:22,Laptop-priority/current-periodics,Blue,11
TR828_5G,-94,2025-11-03 08:45:22,Laptop-priority/current-periodics,Blue,7
810-1_5G,-93,2025-11-03 08:45:22,Laptop-priority/current-periodics,Blue,11
ASUS_08,-95,2025-11-03 08:45:22,Laptop-priority/current-periodics,Blue,7
RTCL.speed,-93,2025-11-03 08:45:22,Laptop-priority/current-periodics,Blue,6
CI3D,-85,2025-11-03 08:45:22,Laptop-priority/current-periodics,Blue,9
Sparktech-Guest,-94,2025-11-03 08:45:22,Laptop-priority/current-periodics,Blue,16
SparkOffice-WIFI,-92,2025-11-03 08:45:22,Laptop-priority/current-periodics,Blue,15
IB1225_5G,-95,2025-11-03 08:45:22,Laptop-priority/current-periodics,Blue,6
KevinOffice,-91,2025-11-03 08:45:22,Laptop-priority/current-periodics,Blue,7
E1-434,-98,2025-11-03 08:45:22,Laptop-priority/current-periodics,Blue,2
meg1029,-92,2025-11-03 08:45:22,Laptop-priority/current-periodics,Blue,8
NTUSTX2025,-96,2025-11-03 08:45:22,Laptop-priority/current-periodics,Blue,6
ESD_5G,-93,2025-11-03 08:45:22,Laptop-priority/current-periodics,Blue,7
Library-Office,-95,2025-11-03 08:45:22,Laptop-priority/current-periodics,Blue,6
Dlink-Hung,-95,2025-11-03 08:45:22,Laptop-priority/current-periodics,Blue,6
IB-811_5G,-93,2025-11-03 08:45:22,Laptop-priority/current-periodics,Blue,6
VUKSRV21_1464,-91,2025-11-03 08:45:22,Laptop-priority/current-periodics,Blue,5
dlink-48AE,-86,2025-11-03 08:45:22,Laptop-priority/current-periodics,Blue,5
TR-1021,-78,2025-11-03 08:45:22,Laptop-priority/current-periodics,Blue,5
Office_Mac,-90,2025-11-03 08:45:22,Laptop-priority/current-periodics,Blue,4
MUTEC,-85,2025-11-03 08:45:22,Laptop-priority/current-periodics,Blue,4
IB-404,-89,2025-11-03 08:45:22,Laptop-priority/current-periodics,Blue,1
GIDLE401-1,-80,2025-11-03 08:45:22,Laptop-priority/current-periodics,Blue,1
NTUST-UAM,-80,2025-11-03 08:48:19,Main-stairs/Top-picks,Coral,804
NTUST-PEAP,-78,2025-11-03 08:48:19,Main-stairs/Top-picks,Coral,694
GIDLE401-1_5G,-98,2025-11-03 08:48:19,Main-stairs/Top-picks,Coral,4
mcnlab,-89,2025-11-03 08:48:19,Main-stairs/Top-picks,Coral,22
Aolab300-3_5G,-96,2025-11-03 08:48:19,Main-stairs/Top-picks,Coral,4
Hidden_Network,-87,2025-11-03 08:48:19,Main-stairs/Top-picks,Coral,76
Nexlit-5GHz,-90,2025-11-03 08:48:19,Main-stairs/Top-picks,Coral,19
ConnLab-Guest,-85,2025-11-03 08:48:19,Main-stairs/Top-picks,Coral,37
Library-Office,-84,2025-11-03 08:48:19,Main-stairs/Top-picks,Coral,37
ConnLab,-85,2025-11-03 08:48:19,Main-stairs/Top-picks,Coral,36
ROOM-810_ç°æ§,-89,2025-11-03 08:48:19,Main-stairs/Top-picks,Coral,37
eduroam,-82,2025-11-03 08:48:19,Main-stairs/Top-picks,Coral,479
å°ç§å¤§éå£LED,-92,2025-11-03 08:48:19,Main-stairs/Top-picks,Coral,20
NTUST,-93,2025-11-03 08:48:19,Main-stairs/Top-picks,Coral,4
TR-1021_5G,-95,2025-11-03 08:48:19,Main-stairs/Top-picks,Coral,19
TR828_5G,-91,2025-11-03 08:48:19,Main-stairs/Top-picks,Coral,4
BBA-1028,-94,2025-11-03 08:48:19,Main-stairs/Top-picks,Coral,16
Office_Mac,-94,2025-11-03 08:48:19,Main-stairs/Top-picks,Coral,11
Aolab300-3,-89,2025-11-03 08:48:19,Main-stairs/Top-picks,Coral,9
ESD_5G,-91,2025-11-03 08:48:19,Main-stairs/Top-picks,Coral,18
Yie & Esther,-91,2025-11-03 08:48:19,Main-stairs/Top-picks,Coral,13
Yie Office,-91,2025-11-03 08:48:19,Main-stairs/Top-picks,Coral,13
ZC-LoveYou,-79,2025-11-03 08:48:19,Main-stairs/Top-picks,Coral,14
chiang_yu_da,-83,2025-11-03 08:48:19,Main-stairs/Top-picks,Coral,10
general_7006,-81,2025-11-03 08:48:19,Main-stairs/Top-picks,Coral,20
CI3D_5G,-85,2025-11-03 08:48:19,Main-stairs/Top-picks,Coral,20
Loser,-78,2025-11-03 08:48:19,Main-stairs/Top-picks,Coral,20
RB501,-97,2025-11-03 08:48:19,Main-stairs/Top-picks,Coral,10
NTUST.AD,-90,2025-11-03 08:48:19,Main-stairs/Top-picks,Coral,8
ESD,-88,2025-11-03 08:48:19,Main-stairs/Top-picks,Coral,8
810-1_5G,-93,2025-11-03 08:48:19,Main-stairs/Top-picks,Coral,16
810-2_5G,-94,2025-11-03 08:48:19,Main-stairs/Top-picks,Coral,18
IB-9F,-88,2025-11-03 08:48:19,Main-stairs/Top-picks,Coral,24
CI3D,-79,2025-11-03 08:48:19,Main-stairs/Top-picks,Coral,15
Sparktech-Guest,-97,2025-11-03 08:48:19,Main-stairs/Top-picks,Coral,8
MUTEC,-91,2025-11-03 08:48:19,Main-stairs/Top-picks,Coral,8
MiniHubPro_AC84,-93,2025-11-03 08:48:19,Main-stairs/Top-picks,Coral,15
IB1225_5G,-90,2025-11-03 08:48:19,Main-stairs/Top-picks,Coral,7
IB1106,-87,2025-11-03 08:48:19,Main-stairs/Top-picks,Coral,8
810-2,-72,2025-11-03 08:48:19,Main-stairs/Top-picks,Coral,8
PBL713_5G,-96,2025-11-03 08:48:19,Main-stairs/Top-picks,Coral,7
NGLA_24G,-87,2025-11-03 08:48:19,Main-stairs/Top-picks,Coral,13
AEML_2.4G,-94,2025-11-03 08:48:19,Main-stairs/Top-picks,Coral,8
ä¾é½ä¾äº,-96,2025-11-03 08:48:19,Main-stairs/Top-picks,Coral,8
Pixel_jerry,-98,2025-11-03 08:48:19,Main-stairs/Top-picks,Coral,7
VUKSRV21_1464,-87,2025-11-03 08:48:19,Main-stairs/Top-picks,Coral,11
ASUS,-88,2025-11-03 08:48:19,Main-stairs/Top-picks,Coral,10
t4-602-1,-96,2025-11-03 08:48:19,Main-stairs/Top-picks,Coral,7
ESPEL_5G,-98,2025-11-03 08:48:19,Main-stairs/Top-picks,Coral,14
IB812_5G,-98,2025-11-03 08:48:19,Main-stairs/Top-picks,Coral,7
Nexlit,-91,2025-11-03 08:48:19,Main-stairs/Top-picks,Coral,8
Pommes_office,-94,2025-11-03 08:48:19,Main-stairs/Top-picks,Coral,7
TP-Link_Guest_7D28,-96,2025-11-03 08:48:19,Main-stairs/Top-picks,Coral,6
SEED603,-82,2025-11-03 08:48:19,Main-stairs/Top-picks,Coral,5
Xiaomi_6837,-97,2025-11-03 08:48:19,Main-stairs/Top-picks,Coral,4
NTUST.AD_5G,-97,2025-11-03 08:48:19,Main-stairs/Top-picks,Coral,3
dlink-A08C,-94,2025-11-03 08:48:19,Main-stairs/Top-picks,Coral,2
dlink-A08C-5GHz,-98,2025-11-03 08:48:19,Main-stairs/Top-picks,Coral,1
Benben_IoT,-84,2025-11-03 08:48:19,Main-stairs/Top-picks,Coral,1
NTUST-UAM,-78,2025-11-03 08:51:13,Top-picks/Audiovisual,Lilac,697
NTUST-PEAP,-77,2025-11-03 08:51:13,Top-picks/Audiovisual,Lilac,652
eduroam,-78,2025-11-03 08:51:13,Top-picks/Audiovisual,Lilac,352
"è¾¦å¬å®¤.o,",-93,2025-11-03 08:51:13,Top-picks/Audiovisual,Lilac,11
DIRECT-c0-HP M283 LaserJet,-88,2025-11-03 08:51:13,Top-picks/Audiovisual,Lilac,19
Hidden_Network,-86,2025-11-03 08:51:13,Top-picks/Audiovisual,Lilac,61
ConnLab,-87,2025-11-03 08:51:13,Top-picks/Audiovisual,Lilac,40
Library-Office,-85,2025-11-03 08:51:13,Top-picks/Audiovisual,Lilac,39
ConnLab-Guest,-83,2025-11-03 08:51:13,Top-picks/Audiovisual,Lilac,40
å°ç§å¤§éå£LED,-91,2025-11-03 08:51:13,Top-picks/Audiovisual,Lilac,15
general_7006,-90,2025-11-03 08:51:13,Top-picks/Audiovisual,Lilac,17
Loser,-89,2025-11-03 08:51:13,Top-picks/Audiovisual,Lilac,17
Xiaomi 12T,-90,2025-11-03 08:51:13,Top-picks/Audiovisual,Lilac,17
IB-9F,-91,2025-11-03 08:51:13,Top-picks/Audiovisual,Lilac,13
NGLA_24G,-78,2025-11-03 08:51:13,Top-picks/Audiovisual,Lilac,10
CI3D_5G,-91,2025-11-03 08:51:13,Top-picks/Audiovisual,Lilac,13
fuli8714,-90,2025-11-03 08:51:13,Top-picks/Audiovisual,Lilac,9
AirBox2-F5E6,-88,2025-11-03 08:51:13,Top-picks/Audiovisual,Lilac,13
GX1_WiFi_1fb6,-97,2025-11-03 08:51:13,Top-picks/Audiovisual,Lilac,9
VUKSRV21_1464,-96,2025-11-03 08:51:13,Top-picks/Audiovisual,Lilac,9
ROOM-810_ç°æ§,-89,2025-11-03 08:51:13,Top-picks/Audiovisual,Lilac,10
Nexlit-5GHz,-93,2025-11-03 08:51:13,Top-picks/Audiovisual,Lilac,8
RB501,-92,2025-11-03 08:51:13,Top-picks/Audiovisual,Lilac,9
LightQ_2720,-97,2025-11-03 08:51:13,Top-picks/Audiovisual,Lilac,9
ZC-LoveYou,-93,2025-11-03 08:51:13,Top-picks/Audiovisual,Lilac,9
FOXC_BD_AP_SSID,-94,2025-11-03 08:51:13,Top-picks/Audiovisual,Lilac,8
STEMLab_AC86U,-89,2025-11-03 08:51:13,Top-picks/Audiovisual,Lilac,8
CI3D,-81,2025-11-03 08:51:13,Top-picks/Audiovisual,Lilac,7
GlobalEagle X7v_5fd6,-83,2025-11-03 08:51:13,Top-picks/Audiovisual,Lilac,7
Car Media_3490636177,-96,2025-11-03 08:51:13,Top-picks/Audiovisual,Lilac,5
UPTP_TAIWAN,-91,2025-11-03 08:51:13,Top-picks/Audiovisual,Lilac,4
Yie & Esther,-94,2025-11-03 08:51:13,Top-picks/Audiovisual,Lilac,3
Yie Office,-93,2025-11-03 08:51:13,Top-picks/Audiovisual,Lilac,3
SEED603,-77,2025-11-03 08:51:13,Top-picks/Audiovisual,Lilac,3
TR-1021,-90,2025-11-03 08:51:13,Top-picks/Audiovisual,Lilac,1
NTUST-UAM,-85,2025-11-03 08:53:20,Hallway/LeftEnd,Pink,783
NTUST-PEAP,-84,2025-11-03 08:53:20,Hallway/LeftEnd,Pink,777
VUKSRV21_1464,-96,2025-11-03 08:53:20,Hallway/LeftEnd,Pink,9
eduroam,-85,2025-11-03 08:53:20,Hallway/LeftEnd,Pink,393
Loser,-95,2025-11-03 08:53:20,Hallway/LeftEnd,Pink,18
ConnLab-Guest,-80,2025-11-03 08:53:20,Hallway/LeftEnd,Pink,35
ConnLab,-82,2025-11-03 08:53:20,Hallway/LeftEnd,Pink,38
Library-Office,-81,2025-11-03 08:53:20,Hallway/LeftEnd,Pink,38
Hidden_Network,-87,2025-11-03 08:53:20,Hallway/LeftEnd,Pink,72
Benben_IoT,-96,2025-11-03 08:53:20,Hallway/LeftEnd,Pink,8
ROOM-810_ç°æ§,-96,2025-11-03 08:53:20,Hallway/LeftEnd,Pink,9
RB501,-94,2025-11-03 08:53:20,Hallway/LeftEnd,Pink,17
Benben-5G,-96,2025-11-03 08:53:20,Hallway/LeftEnd,Pink,8
å°ç§å¤§éå£LED,-93,2025-11-03 08:53:20,Hallway/LeftEnd,Pink,9
general_7006,-91,2025-11-03 08:53:20,Hallway/LeftEnd,Pink,9
Xiaomi 12T,-87,2025-11-03 08:53:20,Hallway/LeftEnd,Pink,9
RB201,-96,2025-11-03 08:53:20,Hallway/LeftEnd,Pink,18
601classroom-5G,-95,2025-11-03 08:53:20,Hallway/LeftEnd,Pink,8
D-LIIK-D4,-91,2025-11-03 08:53:20,Hallway/LeftEnd,Pink,9
HCH,-89,2025-11-03 08:53:20,Hallway/LeftEnd,Pink,9
F7B_1080P_WIFI17F0,-87,2025-11-03 08:53:20,Hallway/LeftEnd,Pink,9
ASUS,-93,2025-11-03 08:53:20,Hallway/LeftEnd,Pink,15
RB308-3,-88,2025-11-03 08:53:20,Hallway/LeftEnd,Pink,8
Yie & Esther,-90,2025-11-03 08:53:20,Hallway/LeftEnd,Pink,9
Yie Office,-90,2025-11-03 08:53:20,Hallway/LeftEnd,Pink,9
T1-400,-98,2025-11-03 08:53:20,Hallway/LeftEnd,Pink,8
OnyxWireless-GUEST,-95,2025-11-03 08:53:20,Hallway/LeftEnd,Pink,8
Ce2,-94,2025-11-03 08:53:20,Hallway/LeftEnd,Pink,8
dlink-2F90,-92,2025-11-03 08:53:20,Hallway/LeftEnd,Pink,8
701-1,-91,2025-11-03 08:53:20,Hallway/LeftEnd,Pink,8
T4-406,-88,2025-11-03 08:53:20,Hallway/LeftEnd,Pink,8
NVCGAL,-86,2025-11-03 08:53:20,Hallway/LeftEnd,Pink,8
CI3D,-83,2025-11-03 08:53:20,Hallway/LeftEnd,Pink,8
DL-netdb503,-96,2025-11-03 08:53:20,Hallway/LeftEnd,Pink,8
CI3D_5G,-94,2025-11-03 08:53:20,Hallway/LeftEnd,Pink,7
WangOffice,-92,2025-11-03 08:53:20,Hallway/LeftEnd,Pink,8
T1-DT01,-91,2025-11-03 08:53:20,Hallway/LeftEnd,Pink,8
DIRECT-1E356EB9C781FGONy,-89,2025-11-03 08:53:20,Hallway/LeftEnd,Pink,1
_Velop8E6,-88,2025-11-03 08:53:20,Hallway/LeftEnd,Pink,8
NTUST,-79,2025-11-03 08:53:20,Hallway/LeftEnd,Pink,8
ASUS_B4,-94,2025-11-03 08:53:20,Hallway/LeftEnd,Pink,11
LEM-5f05f9,-88,2025-11-03 08:53:20,Hallway/LeftEnd,Pink,8
rodwang,-98,2025-11-03 08:53:20,Hallway/LeftEnd,Pink,8
MBS5,-98,2025-11-03 08:53:20,Hallway/LeftEnd,Pink,6
RB-102,-84,2025-11-03 08:53:20,Hallway/LeftEnd,Pink,6
Polaroid-485c2c308d4a,-82,2025-11-03 08:53:20,Hallway/LeftEnd,Pink,5
GlobalEagle_680C,-91,2025-11-03 08:53:20,Hallway/LeftEnd,Pink,4
IDLAB,-89,2025-11-03 08:53:20,Hallway/LeftEnd,Pink,4
RB-412,-88,2025-11-03 08:53:20,Hallway/LeftEnd,Pink,4
RB-410,-83,2025-11-03 08:53:20,Hallway/LeftEnd,Pink,4
F-911 GTS b46dc210d09a,-91,2025-11-03 08:53:20,Hallway/LeftEnd,Pink,3
NTUST-UAM,-85,2025-11-03 08:55:44,Stairs/RightEnd,Orange,626
NTUST-PEAP,-84,2025-11-03 08:55:44,Stairs/RightEnd,Orange,610
eduroam,-86,2025-11-03 08:55:44,Stairs/RightEnd,Orange,327
ConnLab-Guest,-81,2025-11-03 08:55:44,Stairs/RightEnd,Orange,18
ConnLab,-84,2025-11-03 08:55:44,Stairs/RightEnd,Orange,19
Hidden_Network,-86,2025-11-03 08:55:44,Stairs/RightEnd,Orange,99
Library-Office,-83,2025-11-03 08:55:44,Stairs/RightEnd,Orange,20
TR828,-93,2025-11-03 08:55:44,Stairs/RightEnd,Orange,18
T1-DT01_5G,-93,2025-11-03 08:55:44,Stairs/RightEnd,Orange,15
DIRECT-d6-HP M236 LaserJet,-90,2025-11-03 08:55:44,Stairs/RightEnd,Orange,18
CRESTRON-101,-91,2025-11-03 08:55:44,Stairs/RightEnd,Orange,9
Benben_IoT,-88,2025-11-03 08:55:44,Stairs/RightEnd,Orange,19
Loser,-88,2025-11-03 08:55:44,Stairs/RightEnd,Orange,13
ROOM-810_ç°æ§,-93,2025-11-03 08:55:44,Stairs/RightEnd,Orange,9
"""T1-202""",-85,2025-11-03 08:55:44,Stairs/RightEnd,Orange,19
Yie Office,-88,2025-11-03 08:55:44,Stairs/RightEnd,Orange,20
meg1029_IoT,-85,2025-11-03 08:55:44,Stairs/RightEnd,Orange,11
RB201,-82,2025-11-03 08:55:44,Stairs/RightEnd,Orange,30
DIRECT-D5-EPSON-L14150 Series,-90,2025-11-03 08:55:44,Stairs/RightEnd,Orange,11
RB501,-89,2025-11-03 08:55:44,Stairs/RightEnd,Orange,15
Yie & Esther,-85,2025-11-03 08:55:44,Stairs/RightEnd,Orange,10
TR-1021,-94,2025-11-03 08:55:44,Stairs/RightEnd,Orange,8
WangOffice,-84,2025-11-03 08:55:44,Stairs/RightEnd,Orange,10
RBdesign,-93,2025-11-03 08:55:44,Stairs/RightEnd,Orange,23
mvclab,-84,2025-11-03 08:55:44,Stairs/RightEnd,Orange,11
KO_3_ASUS_5G,-98,2025-11-03 08:55:44,Stairs/RightEnd,Orange,1
GIDLE401-1,-89,2025-11-03 08:55:44,Stairs/RightEnd,Orange,14
TP-Link_FC52,-92,2025-11-03 08:55:44,Stairs/RightEnd,Orange,6
Sparktech-Guest,-90,2025-11-03 08:55:44,Stairs/RightEnd,Orange,12
810-2,-96,2025-11-03 08:55:44,Stairs/RightEnd,Orange,2
T4-306,-95,2025-11-03 08:55:44,Stairs/RightEnd,Orange,2
SparkOffice-WIFI,-93,2025-11-03 08:55:44,Stairs/RightEnd,Orange,21
RB-309,-89,2025-11-03 08:55:44,Stairs/RightEnd,Orange,6
DIRECT-67-HP M283 LaserJet,-82,2025-11-03 08:55:44,Stairs/RightEnd,Orange,9
T4-406,-90,2025-11-03 08:55:44,Stairs/RightEnd,Orange,22
RSC_Office,-78,2025-11-03 08:55:44,Stairs/RightEnd,Orange,8
PMCCLLab,-89,2025-11-03 08:55:44,Stairs/RightEnd,Orange,14
BMW705-7,-89,2025-11-03 08:55:44,Stairs/RightEnd,Orange,5
VEGA_Contral,-94,2025-11-03 08:55:44,Stairs/RightEnd,Orange,14
RB308-3,-81,2025-11-03 08:55:44,Stairs/RightEnd,Orange,8
Yenprotek_43tc_2.4G,-96,2025-11-03 08:55:44,Stairs/RightEnd,Orange,1
Atechoem,-86,2025-11-03 08:55:44,Stairs/RightEnd,Orange,16
Virus,-96,2025-11-03 08:55:44,Stairs/RightEnd,Orange,1
TR-1021_5G,-93,2025-11-03 08:55:44,Stairs/RightEnd,Orange,9
ASUS,-92,2025-11-03 08:55:44,Stairs/RightEnd,Orange,14
Opking_wifi6,-90,2025-11-03 08:55:44,Stairs/RightEnd,Orange,10
NTUST.AD_5G,-94,2025-11-03 08:55:44,Stairs/RightEnd,Orange,3
hpclab,-94,2025-11-03 08:55:44,Stairs/RightEnd,Orange,3
Wireless-LDAP,-88,2025-11-03 08:55:44,Stairs/RightEnd,Orange,7
joelandanny,-89,2025-11-03 08:55:44,Stairs/RightEnd,Orange,5
Alan,-89,2025-11-03 08:55:44,Stairs/RightEnd,Orange,5
DIRECT-1DpD1EB46473AGOJw,-87,2025-11-03 08:55:44,Stairs/RightEnd,Orange,6
dlink-2F90,-88,2025-11-03 08:55:44,Stairs/RightEnd,Orange,5
ASUS-Ricky-office,-88,2025-11-03 08:55:44,Stairs/RightEnd,Orange,5
fuli8714,-83,2025-11-03 08:55:44,Stairs/RightEnd,Orange,6
Dean,-87,2025-11-03 08:55:44,Stairs/RightEnd,Orange,5
701-1,-88,2025-11-03 08:55:44,Stairs/RightEnd,Orange,6
701-1_IoT,-92,2025-11-03 08:55:44,Stairs/RightEnd,Orange,15
BBA-1028,-90,2025-11-03 08:55:44,Stairs/RightEnd,Orange,22
T1-DT02,-86,2025-11-03 08:55:44,Stairs/RightEnd,Orange,17
TR828_5G,-92,2025-11-03 08:55:44,Stairs/RightEnd,Orange,1
ptt,-76,2025-11-03 08:55:44,Stairs/RightEnd,Orange,6
ASUS_70_2G,-83,2025-11-03 08:55:44,Stairs/RightEnd,Orange,6
KO_3_ASUS,-87,2025-11-03 08:55:44,Stairs/RightEnd,Orange,6
DIRECT-1E356EB9C781FGONy,-86,2025-11-03 08:55:44,Stairs/RightEnd,Orange,6
NVCGAL,-83,2025-11-03 08:55:44,Stairs/RightEnd,Orange,9
TR1020,-83,2025-11-03 08:55:44,Stairs/RightEnd,Orange,5
Benben,-86,2025-11-03 08:55:44,Stairs/RightEnd,Orange,13
meg1029,-83,2025-11-03 08:55:44,Stairs/RightEnd,Orange,9
T1-DT01,-85,2025-11-03 08:55:44,Stairs/RightEnd,Orange,12
T1-DT02_5G,-96,2025-11-03 08:55:44,Stairs/RightEnd,Orange,9
dlink-709E,-91,2025-11-03 08:55:44,Stairs/RightEnd,Orange,5
lapin,-90,2025-11-03 08:55:44,Stairs/RightEnd,Orange,6
IB1106,-90,2025-11-03 08:55:44,Stairs/RightEnd,Orange,6
SpatialMedia,-89,2025-11-03 08:55:44,Stairs/RightEnd,Orange,6
AC-Office(T1-203),-87,2025-11-03 08:55:44,Stairs/RightEnd,Orange,6
NTUST,-84,2025-11-03 08:55:44,Stairs/RightEnd,Orange,6
TR-1014,-89,2025-11-03 08:55:44,Stairs/RightEnd,Orange,7
Ce2,-90,2025-11-03 08:55:44,Stairs/RightEnd,Orange,11
IA-1003,-82,2025-11-03 08:55:44,Stairs/RightEnd,Orange,6
sfchou_2G,-81,2025-11-03 08:55:44,Stairs/RightEnd,Orange,6
é¡&å¨çç ç©¶çå°å±¬,-75,2025-11-03 08:55:44,Stairs/RightEnd,Orange,6
DIRECT-80-HP M141 LaserJet,-93,2025-11-03 08:55:44,Stairs/RightEnd,Orange,6
XYZ_Tr912-2.4G,-93,2025-11-03 08:55:44,Stairs/RightEnd,Orange,6
T4-512,-92,2025-11-03 08:55:44,Stairs/RightEnd,Orange,6
DIRECT-C8-HP M479fdw Color LJ,-91,2025-11-03 08:55:44,Stairs/RightEnd,Orange,6
ME-E1-1F,-84,2025-11-03 08:55:44,Stairs/RightEnd,Orange,6
CI3D_5G,-98,2025-11-03 08:55:44,Stairs/RightEnd,Orange,7
NTUST.AD,-87,2025-11-03 08:55:44,Stairs/RightEnd,Orange,9
mcnlab,-94,2025-11-03 08:55:44,Stairs/RightEnd,Orange,8
t405,-96,2025-11-03 08:55:44,Stairs/RightEnd,Orange,9
HT ç iPhone,-92,2025-11-03 08:55:44,Stairs/RightEnd,Orange,4
NTUST-UAM,-80,2025-11-03 10:42:22,Laptop-priority/current-periodics,Blue,825
NTUST-PEAP,-78,2025-11-03 10:42:22,Laptop-priority/current-periodics,Blue,702
TR-1021_5G,-92,2025-11-03 10:42:22,Laptop-priority/current-periodics,Blue,14
ZC-LoveYou,-73,2025-11-03 10:42:22,Laptop-priority/current-periodics,Blue,15
eduroam,-81,2025-11-03 10:42:22,Laptop-priority/current-periodics,Blue,403
g1,-74,2025-11-03 10:42:22,Laptop-priority/current-periodics,Blue,20
Bradley's S22 Ultra,-76,2025-11-03 10:42:22,Laptop-priority/current-periodics,Blue,17
Nexlit-5GHz,-89,2025-11-03 10:42:22,Laptop-priority/current-periodics,Blue,9
810-1_5G,-95,2025-11-03 10:42:22,Laptop-priority/current-periodics,Blue,18
TR828_5G,-92,2025-11-03 10:42:22,Laptop-priority/current-periodics,Blue,10
IB-811_5G,-94,2025-11-03 10:42:22,Laptop-priority/current-periodics,Blue,13
810-2_5G,-94,2025-11-03 10:42:22,Laptop-priority/current-periodics,Blue,18
ROOM-810_ç°æ§,-91,2025-11-03 10:42:22,Laptop-priority/current-periodics,Blue,16
Vivi,-88,2025-11-03 10:42:22,Laptop-priority/current-periodics,Blue,19
AndroidAPB7B6,-63,2025-11-03 10:42:22,Laptop-priority/current-periodics,Blue,19
æ±å°å¦,-72,2025-11-03 10:42:22,Laptop-priority/current-periodics,Blue,19
D-Link AX1500,-97,2025-11-03 10:42:22,Laptop-priority/current-periodics,Blue,7
BBA-1028,-93,2025-11-03 10:42:22,Laptop-priority/current-periodics,Blue,12
IB-9F,-89,2025-11-03 10:42:22,Laptop-priority/current-periodics,Blue,16
ESD_5G,-96,2025-11-03 10:42:22,Laptop-priority/current-periodics,Blue,17
IB1225_5G,-92,2025-11-03 10:42:22,Laptop-priority/current-periodics,Blue,10
Hidden_Network,-89,2025-11-03 10:42:22,Laptop-priority/current-periodics,Blue,108
Yie Office,-85,2025-11-03 10:42:22,Laptop-priority/current-periodics,Blue,15
Yie & Esther,-84,2025-11-03 10:42:22,Laptop-priority/current-periodics,Blue,15
RB501,-89,2025-11-03 10:42:22,Laptop-priority/current-periodics,Blue,25
CI3D_5G,-87,2025-11-03 10:42:22,Laptop-priority/current-periodics,Blue,14
IB812_5G,-93,2025-11-03 10:42:22,Laptop-priority/current-periodics,Blue,13
Sparktech-Guest,-95,2025-11-03 10:42:22,Laptop-priority/current-periodics,Blue,7
SparkOffice-WIFI,-94,2025-11-03 10:42:22,Laptop-priority/current-periodics,Blue,7
TR-1021,-81,2025-11-03 10:42:22,Laptop-priority/current-periodics,Blue,11
ESPEL_5G,-93,2025-11-03 10:42:22,Laptop-priority/current-periodics,Blue,28
Android_6222,-94,2025-11-03 10:42:22,Laptop-priority/current-periodics,Blue,7
MUTEC-5G,-92,2025-11-03 10:42:22,Laptop-priority/current-periodics,Blue,7
RTCL,-73,2025-11-03 10:42:22,Laptop-priority/current-periodics,Blue,7
RTCL.speed,-95,2025-11-03 10:42:22,Laptop-priority/current-periodics,Blue,6
ä¾é½ä¾äº,-95,2025-11-03 10:42:22,Laptop-priority/current-periodics,Blue,15
Xiaomi_6837,-94,2025-11-03 10:42:22,Laptop-priority/current-periodics,Blue,10
Aolab300-3_5G,-75,2025-11-03 10:42:22,Laptop-priority/current-periodics,Blue,10
è¶è² 2ã,-85,2025-11-03 10:42:22,Laptop-priority/current-periodics,Blue,11
GIDLE401-1_5G,-94,2025-11-03 10:42:22,Laptop-priority/current-periodics,Blue,13
NTUST-PEAP-5G,-98,2025-11-03 10:42:22,Laptop-priority/current-periodics,Blue,8
NGLA_5G,-95,2025-11-03 10:42:22,Laptop-priority/current-periodics,Blue,8
mcnlab,-93,2025-11-03 10:42:22,Laptop-priority/current-periodics,Blue,8
t4-602-1,-96,2025-11-03 10:42:22,Laptop-priority/current-periodics,Blue,10
RB705-5G,-96,2025-11-03 10:42:22,Laptop-priority/current-periodics,Blue,8
DIRECT-d6-HP M236 LaserJet,-92,2025-11-03 10:42:22,Laptop-priority/current-periodics,Blue,8
ptt,-98,2025-11-03 10:42:22,Laptop-priority/current-periodics,Blue,7
NTUST.AD_5G,-92,2025-11-03 10:42:22,Laptop-priority/current-periodics,Blue,9
ASUS,-76,2025-11-03 10:42:22,Laptop-priority/current-periodics,Blue,9
Benben_IoT,-79,2025-11-03 10:42:22,Laptop-priority/current-periodics,Blue,8
chiang_yu_da,-83,2025-11-03 10:42:22,Laptop-priority/current-periodics,Blue,8
Benben-5G,-89,2025-11-03 10:42:22,Laptop-priority/current-periodics,Blue,8
iPhone de guill,-93,2025-11-03 10:42:22,Laptop-priority/current-periodics,Blue,7
TR1020_5G,-95,2025-11-03 10:42:22,Laptop-priority/current-periodics,Blue,4
E1-411-2,-94,2025-11-03 10:42:22,Laptop-priority/current-periodics,Blue,4
YY,-96,2025-11-03 10:42:22,Laptop-priority/current-periodics,Blue,2
TR-1017 5G,-95,2025-11-03 10:42:22,Laptop-priority/current-periodics,Blue,2
NTUST-UAM,-78,2025-11-03 10:46:11,Main-stairs/Top-picks,Coral,600
NTUST-PEAP,-75,2025-11-03 10:46:11,Main-stairs/Top-picks,Coral,523
IB-9F,-90,2025-11-03 10:46:11,Main-stairs/Top-picks,Coral,16
eduroam,-79,2025-11-03 10:46:11,Main-stairs/Top-picks,Coral,318
g1,-77,2025-11-03 10:46:11,Main-stairs/Top-picks,Coral,17
Bradley's S22 Ultra,-74,2025-11-03 10:46:11,Main-stairs/Top-picks,Coral,20
BBA-1028,-96,2025-11-03 10:46:11,Main-stairs/Top-picks,Coral,9
810-2_5G,-95,2025-11-03 10:46:11,Main-stairs/Top-picks,Coral,19
810-1_5G,-83,2025-11-03 10:46:11,Main-stairs/Top-picks,Coral,12
Yie & Esther,-92,2025-11-03 10:46:11,Main-stairs/Top-picks,Coral,8
Yie Office,-95,2025-11-03 10:46:11,Main-stairs/Top-picks,Coral,12
Hidden_Network,-83,2025-11-03 10:46:11,Main-stairs/Top-picks,Coral,73
CI3D_5G,-90,2025-11-03 10:46:11,Main-stairs/Top-picks,Coral,19
ROOM-810_ç°æ§,-90,2025-11-03 10:46:11,Main-stairs/Top-picks,Coral,19
Vivi,-84,2025-11-03 10:46:11,Main-stairs/Top-picks,Coral,19
æ±å°å¦,-86,2025-11-03 10:46:11,Main-stairs/Top-picks,Coral,19
IB-811_5G,-96,2025-11-03 10:46:11,Main-stairs/Top-picks,Coral,8
ESD_5G,-96,2025-11-03 10:46:11,Main-stairs/Top-picks,Coral,15
TR-1021_5G,-93,2025-11-03 10:46:11,Main-stairs/Top-picks,Coral,11
dlink-71A8,-92,2025-11-03 10:46:11,Main-stairs/Top-picks,Coral,9
general_7006,-80,2025-11-03 10:46:11,Main-stairs/Top-picks,Coral,18
iPhone de guill,-92,2025-11-03 10:46:11,Main-stairs/Top-picks,Coral,17
Library-Office,-84,2025-11-03 10:46:11,Main-stairs/Top-picks,Coral,32
ConnLab,-83,2025-11-03 10:46:11,Main-stairs/Top-picks,Coral,25
ConnLab-Guest,-83,2025-11-03 10:46:11,Main-stairs/Top-picks,Coral,25
VUKSRV21_1464,-87,2025-11-03 10:46:11,Main-stairs/Top-picks,Coral,14
TR-1017 5G,-97,2025-11-03 10:46:11,Main-stairs/Top-picks,Coral,7
TR1102-3,-96,2025-11-03 10:46:11,Main-stairs/Top-picks,Coral,8
Xiaomi_6837,-93,2025-11-03 10:46:11,Main-stairs/Top-picks,Coral,9
AndroidAPB7B6,-76,2025-11-03 10:46:11,Main-stairs/Top-picks,Coral,11
NTUST.AD,-79,2025-11-03 10:46:11,Main-stairs/Top-picks,Coral,13
RB501,-87,2025-11-03 10:46:11,Main-stairs/Top-picks,Coral,9
ASUS,-83,2025-11-03 10:46:11,Main-stairs/Top-picks,Coral,12
CI3D,-75,2025-11-03 10:46:11,Main-stairs/Top-picks,Coral,9
AirBox2-F5E6,-90,2025-11-03 10:46:11,Main-stairs/Top-picks,Coral,9
å°ç§å¤§éå£LED,-87,2025-11-03 10:46:11,Main-stairs/Top-picks,Coral,8
IB1225_5G,-97,2025-11-03 10:46:11,Main-stairs/Top-picks,Coral,5
DIRECT-bb-HP M28 LaserJet,-81,2025-11-03 10:46:11,Main-stairs/Top-picks,Coral,4
TR828_5G,-96,2025-11-03 10:46:11,Main-stairs/Top-picks,Coral,3
Nexlit-5GHz,-96,2025-11-03 10:46:11,Main-stairs/Top-picks,Coral,3
MUTEC-5G,-94,2025-11-03 10:46:11,Main-stairs/Top-picks,Coral,3
MiniHubPro_AC84,-81,2025-11-03 10:46:11,Main-stairs/Top-picks,Coral,3
Nexlit,-77,2025-11-03 10:46:11,Main-stairs/Top-picks,Coral,3
Xiaomi 11T,-70,2025-11-03 10:46:11,Main-stairs/Top-picks,Coral,3
D-Link AX1500,-98,2025-11-03 10:46:11,Main-stairs/Top-picks,Coral,2
Android_6222,-99,2025-11-03 10:46:11,Main-stairs/Top-picks,Coral,2
NTUST-UAM,-77,2025-11-03 10:49:20,Top-picks/Audiovisual,Lilac,646
NTUST-PEAP,-76,2025-11-03 10:49:20,Top-picks/Audiovisual,Lilac,598
eduroam,-78,2025-11-03 10:49:20,Top-picks/Audiovisual,Lilac,329
Library-Office,-83,2025-11-03 10:49:20,Top-picks/Audiovisual,Lilac,39
ConnLab-Guest,-84,2025-11-03 10:49:20,Top-picks/Audiovisual,Lilac,39
ConnLab,-83,2025-11-03 10:49:20,Top-picks/Audiovisual,Lilac,39
general_7006,-82,2025-11-03 10:49:20,Top-picks/Audiovisual,Lilac,19
iPhone de guill,-91,2025-11-03 10:49:20,Top-picks/Audiovisual,Lilac,15
æ±å°å¦,-93,2025-11-03 10:49:20,Top-picks/Audiovisual,Lilac,19
Bradley's S22 Ultra,-89,2025-11-03 10:49:20,Top-picks/Audiovisual,Lilac,19
ROOM-810_ç°æ§,-91,2025-11-03 10:49:20,Top-picks/Audiovisual,Lilac,11
Hidden_Network,-81,2025-11-03 10:49:20,Top-picks/Audiovisual,Lilac,85
Vivi,-71,2025-11-03 10:49:20,Top-picks/Audiovisual,Lilac,19
Xiaomi 11T,-76,2025-11-03 10:49:20,Top-picks/Audiovisual,Lilac,17
CI3D_5G,-92,2025-11-03 10:49:20,Top-picks/Audiovisual,Lilac,16
å°ç§å¤§éå£LED,-91,2025-11-03 10:49:20,Top-picks/Audiovisual,Lilac,16
NGLA_24G,-80,2025-11-03 10:49:20,Top-picks/Audiovisual,Lilac,10
soilecology,-96,2025-11-03 10:49:20,Top-picks/Audiovisual,Lilac,8
ZC-LoveYou,-87,2025-11-03 10:49:20,Top-picks/Audiovisual,Lilac,9
IB-9F,-90,2025-11-03 10:49:20,Top-picks/Audiovisual,Lilac,15
OnyxWireless-GUEST,-97,2025-11-03 10:49:20,Top-picks/Audiovisual,Lilac,9
Nexlit-5GHz,-94,2025-11-03 10:49:20,Top-picks/Audiovisual,Lilac,9
Android_6222,-91,2025-11-03 10:49:20,Top-picks/Audiovisual,Lilac,8
FK-11308-3,-84,2025-11-03 10:49:20,Top-picks/Audiovisual,Lilac,10
D-Link AX1500,-97,2025-11-03 10:49:20,Top-picks/Audiovisual,Lilac,8
ESD_5G,-96,2025-11-03 10:49:20,Top-picks/Audiovisual,Lilac,8
AirBox2-F5E6,-88,2025-11-03 10:49:20,Top-picks/Audiovisual,Lilac,9
iPhone Wen,-88,2025-11-03 10:49:20,Top-picks/Audiovisual,Lilac,9
CI3D,-67,2025-11-03 10:49:20,Top-picks/Audiovisual,Lilac,9
MUTEC-5G,-97,2025-11-03 10:49:20,Top-picks/Audiovisual,Lilac,3
Yie Office,-97,2025-11-03 10:49:20,Top-picks/Audiovisual,Lilac,3
Aolab300-3_5G,-96,2025-11-03 10:49:20,Top-picks/Audiovisual,Lilac,3
Yie & Esther,-96,2025-11-03 10:49:20,Top-picks/Audiovisual,Lilac,3
NTUST-UAM,-85,2025-11-03 10:52:17,Hallway/LeftEnd,Pink,762
NTUST-PEAP,-83,2025-11-03 10:52:17,Hallway/LeftEnd,Pink,712
Lab744,-97,2025-11-03 10:52:17,Hallway/LeftEnd,Pink,10
eduroam,-85,2025-11-03 10:52:17,Hallway/LeftEnd,Pink,357
ASUS,-90,2025-11-03 10:52:17,Hallway/LeftEnd,Pink,14
Library-Office,-80,2025-11-03 10:52:17,Hallway/LeftEnd,Pink,40
ConnLab-Guest,-80,2025-11-03 10:52:17,Hallway/LeftEnd,Pink,40
ConnLab,-80,2025-11-03 10:52:17,Hallway/LeftEnd,Pink,40
Hidden_Network,-83,2025-11-03 10:52:17,Hallway/LeftEnd,Pink,103
Xiaomi 11T,-72,2025-11-03 10:52:17,Hallway/LeftEnd,Pink,19
dlink-71A8,-98,2025-11-03 10:52:17,Hallway/LeftEnd,Pink,9
ntufarm3_5G,-97,2025-11-03 10:52:17,Hallway/LeftEnd,Pink,9
iPhone de guill,-96,2025-11-03 10:52:17,Hallway/LeftEnd,Pink,9
CI3D_5G,-94,2025-11-03 10:52:17,Hallway/LeftEnd,Pink,16
Vivi,-94,2025-11-03 10:52:17,Hallway/LeftEnd,Pink,17
t4-602-1,-93,2025-11-03 10:52:17,Hallway/LeftEnd,Pink,8
soilecology,-94,2025-11-03 10:52:17,Hallway/LeftEnd,Pink,8
RB308-3,-86,2025-11-03 10:52:17,Hallway/LeftEnd,Pink,9
ROOM-810_ç°æ§,-95,2025-11-03 10:52:17,Hallway/LeftEnd,Pink,9
Ce2,-98,2025-11-03 10:52:17,Hallway/LeftEnd,Pink,8
T4-406,-95,2025-11-03 10:52:17,Hallway/LeftEnd,Pink,15
RB201,-76,2025-11-03 10:52:17,Hallway/LeftEnd,Pink,8
IA-1003,-96,2025-11-03 10:52:17,Hallway/LeftEnd,Pink,7
T4-306,-96,2025-11-03 10:52:17,Hallway/LeftEnd,Pink,7
RBdesign,-88,2025-11-03 10:52:17,Hallway/LeftEnd,Pink,14
DIRECT-1E356EB9C781FGONy,-94,2025-11-03 10:52:17,Hallway/LeftEnd,Pink,7
BBA-1028,-93,2025-11-03 10:52:17,Hallway/LeftEnd,Pink,7
meg1029_IoT,-92,2025-11-03 10:52:17,Hallway/LeftEnd,Pink,7
meg1029,-92,2025-11-03 10:52:17,Hallway/LeftEnd,Pink,7
NTUST.AD,-92,2025-11-03 10:52:17,Hallway/LeftEnd,Pink,7
DIRECT-D5-EPSON-L14150 Series,-90,2025-11-03 10:52:17,Hallway/LeftEnd,Pink,7
Menphis,-90,2025-11-03 10:52:17,Hallway/LeftEnd,Pink,7
mvclab,-87,2025-11-03 10:52:17,Hallway/LeftEnd,Pink,7
Opking_wifi6,-85,2025-11-03 10:52:17,Hallway/LeftEnd,Pink,8
Atechoem,-86,2025-11-03 10:52:17,Hallway/LeftEnd,Pink,7
CI3D,-85,2025-11-03 10:52:17,Hallway/LeftEnd,Pink,7
T1-DT01,-84,2025-11-03 10:52:17,Hallway/LeftEnd,Pink,7
T4-708,-95,2025-11-03 10:52:17,Hallway/LeftEnd,Pink,7
Yie Office,-94,2025-11-03 10:52:17,Hallway/LeftEnd,Pink,6
Virus,-93,2025-11-03 10:52:17,Hallway/LeftEnd,Pink,7
Yie & Esther,-93,2025-11-03 10:52:17,Hallway/LeftEnd,Pink,6
_Velop8E6,-92,2025-11-03 10:52:17,Hallway/LeftEnd,Pink,10
sfchou_2G,-89,2025-11-03 10:52:17,Hallway/LeftEnd,Pink,7
WangOffice,-85,2025-11-03 10:52:17,Hallway/LeftEnd,Pink,7
Redmi Note 9,-90,2025-11-03 10:52:17,Hallway/LeftEnd,Pink,9
NVCGAL,-95,2025-11-03 10:52:17,Hallway/LeftEnd,Pink,8
701-1,-97,2025-11-03 10:52:17,Hallway/LeftEnd,Pink,4
F7B_1080P_WIFI93CA,-96,2025-11-03 10:52:17,Hallway/LeftEnd,Pink,8
Prof.W,-96,2025-11-03 10:52:17,Hallway/LeftEnd,Pink,6
FK-11308-3,-86,2025-11-03 10:52:17,Hallway/LeftEnd,Pink,3
iPhone Wen,-87,2025-11-03 10:52:17,Hallway/LeftEnd,Pink,2
NTUST-UAM,-85,2025-11-03 10:54:59,Stairs/RightEnd,Orange,568
NTUST-PEAP,-84,2025-11-03 10:54:59,Stairs/RightEnd,Orange,536
CI3D_5G,-98,2025-11-03 10:54:59,Stairs/RightEnd,Orange,8
BBA-1028,-89,2025-11-03 10:54:59,Stairs/RightEnd,Orange,22
eduroam,-86,2025-11-03 10:54:59,Stairs/RightEnd,Orange,329
RB201,-77,2025-11-03 10:54:59,Stairs/RightEnd,Orange,30
810-2,-91,2025-11-03 10:54:59,Stairs/RightEnd,Orange,9
Hidden_Network,-86,2025-11-03 10:54:59,Stairs/RightEnd,Orange,128
ROOM-810_ç°æ§,-90,2025-11-03 10:54:59,Stairs/RightEnd,Orange,14
Library-Office,-89,2025-11-03 10:54:59,Stairs/RightEnd,Orange,28
ConnLab-Guest,-88,2025-11-03 10:54:59,Stairs/RightEnd,Orange,28
ConnLab,-88,2025-11-03 10:54:59,Stairs/RightEnd,Orange,26
Vivi,-95,2025-11-03 10:54:59,Stairs/RightEnd,Orange,13
Xiaomi 11T,-84,2025-11-03 10:54:59,Stairs/RightEnd,Orange,17
T1-DT02_5G,-95,2025-11-03 10:54:59,Stairs/RightEnd,Orange,11
701-1,-87,2025-11-03 10:54:59,Stairs/RightEnd,Orange,8
T1-DT02,-81,2025-11-03 10:54:59,Stairs/RightEnd,Orange,15
"""T1-202""",-82,2025-11-03 10:54:59,Stairs/RightEnd,Orange,16
ASUS,-91,2025-11-03 10:54:59,Stairs/RightEnd,Orange,11
Everfocus,-92,2025-11-03 10:54:59,Stairs/RightEnd,Orange,28
Siaomimo906,-90,2025-11-03 10:54:59,Stairs/RightEnd,Orange,12
Sparktech-Guest,-90,2025-11-03 10:54:59,Stairs/RightEnd,Orange,23
SparkOffice-WIFI,-93,2025-11-03 10:54:59,Stairs/RightEnd,Orange,25
Ce2,-90,2025-11-03 10:54:59,Stairs/RightEnd,Orange,14
DIRECT-D5-EPSON-L14150 Series,-89,2025-11-03 10:54:59,Stairs/RightEnd,Orange,13
PMCCLLab,-93,2025-11-03 10:54:59,Stairs/RightEnd,Orange,7
RBdesign,-84,2025-11-03 10:54:59,Stairs/RightEnd,Orange,24
D-Link ho,-84,2025-11-03 10:54:59,Stairs/RightEnd,Orange,14
Benben_IoT,-88,2025-11-03 10:54:59,Stairs/RightEnd,Orange,18
NTUST.AD,-80,2025-11-03 10:54:59,Stairs/RightEnd,Orange,14
AndroidAPB7B6,-87,2025-11-03 10:54:59,Stairs/RightEnd,Orange,7
RB501,-87,2025-11-03 10:54:59,Stairs/RightEnd,Orange,20
Bradley's S22 Ultra,-80,2025-11-03 10:54:59,Stairs/RightEnd,Orange,7
Benben,-88,2025-11-03 10:54:59,Stairs/RightEnd,Orange,12
Dean,-91,2025-11-03 10:54:59,Stairs/RightEnd,Orange,11
cwlab,-94,2025-11-03 10:54:59,Stairs/RightEnd,Orange,6
T1-DT01,-88,2025-11-03 10:54:59,Stairs/RightEnd,Orange,11
Unable to connect,-98,2025-11-03 10:54:59,Stairs/RightEnd,Orange,3
RB-412,-97,2025-11-03 10:54:59,Stairs/RightEnd,Orange,4
DIRECT-08-HP M377 LaserJet,-96,2025-11-03 10:54:59,Stairs/RightEnd,Orange,5
é¡&å¨çç ç©¶çå°å±¬,-85,2025-11-03 10:54:59,Stairs/RightEnd,Orange,8
DIRECT-C8-HP M479fdw Color LJ,-94,2025-11-03 10:54:59,Stairs/RightEnd,Orange,5
Yie & Esther,-88,2025-11-03 10:54:59,Stairs/RightEnd,Orange,16
Opking_wifi6,-92,2025-11-03 10:54:59,Stairs/RightEnd,Orange,6
Yie Office,-89,2025-11-03 10:54:59,Stairs/RightEnd,Orange,16
RSC_Office,-84,2025-11-03 10:54:59,Stairs/RightEnd,Orange,10
NTUST,-82,2025-11-03 10:54:59,Stairs/RightEnd,Orange,8
meg1029,-91,2025-11-03 10:54:59,Stairs/RightEnd,Orange,14
NVCGAL,-87,2025-11-03 10:54:59,Stairs/RightEnd,Orange,10
TR1102-3,-89,2025-11-03 10:54:59,Stairs/RightEnd,Orange,5
DIRECT-1E396EB9C782FGO5Y,-87,2025-11-03 10:54:59,Stairs/RightEnd,Orange,10
Benben-5G,-90,2025-11-03 10:54:59,Stairs/RightEnd,Orange,7
AEML_2.4G,-86,2025-11-03 10:54:59,Stairs/RightEnd,Orange,6
ptt,-86,2025-11-03 10:54:59,Stairs/RightEnd,Orange,16
meg1029_IoT,-88,2025-11-03 10:54:59,Stairs/RightEnd,Orange,15
DIRECT-67-HP M283 LaserJet,-84,2025-11-03 10:54:59,Stairs/RightEnd,Orange,10
ASUS_70_2G,-78,2025-11-03 10:54:59,Stairs/RightEnd,Orange,10
VEGA_Contral,-99,2025-11-03 10:54:59,Stairs/RightEnd,Orange,2
t405,-92,2025-11-03 10:54:59,Stairs/RightEnd,Orange,6
T1-400,-91,2025-11-03 10:54:59,Stairs/RightEnd,Orange,6
IATP JCR,-88,2025-11-03 10:54:59,Stairs/RightEnd,Orange,6
DIRECT-1HaD3EB9C7FCCGOrj,-88,2025-11-03 10:54:59,Stairs/RightEnd,Orange,9
WangOffice,-78,2025-11-03 10:54:59,Stairs/RightEnd,Orange,6
T4-406,-87,2025-11-03 10:54:59,Stairs/RightEnd,Orange,13
NTUSTX2025,-97,2025-11-03 10:54:59,Stairs/RightEnd,Orange,3
NTUST.AD_5G,-96,2025-11-03 10:54:59,Stairs/RightEnd,Orange,5
Atechoem,-94,2025-11-03 10:54:59,Stairs/RightEnd,Orange,16
T1-DT01_5G,-94,2025-11-03 10:54:59,Stairs/RightEnd,Orange,4
sfchou_2G,-84,2025-11-03 10:54:59,Stairs/RightEnd,Orange,8
Wireless-LDAP,-91,2025-11-03 10:54:59,Stairs/RightEnd,Orange,6
XYZ_Tr912-2.4G,-91,2025-11-03 10:54:59,Stairs/RightEnd,Orange,6
TP-Link_FC52,-88,2025-11-03 10:54:59,Stairs/RightEnd,Orange,6
_Velop8E6,-85,2025-11-03 10:54:59,Stairs/RightEnd,Orange,6
CI3D,-81,2025-11-03 10:54:59,Stairs/RightEnd,Orange,6
TR828,-73,2025-11-03 10:54:59,Stairs/RightEnd,Orange,7
Menphis,-85,2025-11-03 10:54:59,Stairs/RightEnd,Orange,5
ME-E1-1F,-82,2025-11-03 10:54:59,Stairs/RightEnd,Orange,5
Redmi Note 9,-89,2025-11-03 10:54:59,Stairs/RightEnd,Orange,7
iHelper-Office,-98,2025-11-03 10:54:59,Stairs/RightEnd,Orange,1
YY,-97,2025-11-03 10:54:59,Stairs/RightEnd,Orange,2
TR-1021_5G,-87,2025-11-03 10:54:59,Stairs/RightEnd,Orange,6
SFOairport,-89,2025-11-03 10:54:59,Stairs/RightEnd,Orange,4
DIRECT-1E3D4EB9C783DGO_x,-90,2025-11-03 10:54:59,Stairs/RightEnd,Orange,6
EML_EHP,-88,2025-11-03 10:54:59,Stairs/RightEnd,Orange,6
RB308-3,-83,2025-11-03 10:54:59,Stairs/RightEnd,Orange,6
IA-1005-2,-96,2025-11-03 10:54:59,Stairs/RightEnd,Orange,5
dlink-2F90,-94,2025-11-03 10:54:59,Stairs/RightEnd,Orange,5
tigerai,-92,2025-11-03 10:54:59,Stairs/RightEnd,Orange,5
DIRECT-1E3CoEB9C7832GOMM,-88,2025-11-03 10:54:59,Stairs/RightEnd,Orange,5
dlink-48AE,-87,2025-11-03 10:54:59,Stairs/RightEnd,Orange,5
DIRECT-1E356EB9C781FGONy,-85,2025-11-03 10:54:59,Stairs/RightEnd,Orange,5
mvclab,-79,2025-11-03 10:54:59,Stairs/RightEnd,Orange,5
TR-1021,-74,2025-11-03 10:54:59,Stairs/RightEnd,Orange,5
KO_3_ASUS,-96,2025-11-03 10:54:59,Stairs/RightEnd,Orange,4
ASUS-Ricky-office,-96,2025-11-03 10:54:59,Stairs/RightEnd,Orange,3
NTUST-UAM,-78,2025-11-03 11:30:33,Laptop-priority/current-periodics,Blue,680
NTUST-PEAP,-76,2025-11-03 11:30:33,Laptop-priority/current-periodics,Blue,598
RB501,-89,2025-11-03 11:30:33,Laptop-priority/current-periodics,Blue,28
BBA-1028,-94,2025-11-03 11:30:33,Laptop-priority/current-periodics,Blue,19
IB-9F,-93,2025-11-03 11:30:33,Laptop-priority/current-periodics,Blue,20
Bradley's S22 Ultra,-72,2025-11-03 11:30:33,Laptop-priority/current-periodics,Blue,16
eduroam,-81,2025-11-03 11:30:33,Laptop-priority/current-periodics,Blue,341
Library-Office,-96,2025-11-03 11:30:33,Laptop-priority/current-periodics,Blue,14
è¶è² 2ã,-93,2025-11-03 11:30:33,Laptop-priority/current-periodics,Blue,19
Hidden_Network,-89,2025-11-03 11:30:33,Laptop-priority/current-periodics,Blue,107
ConnLab-Guest,-94,2025-11-03 11:30:33,Laptop-priority/current-periodics,Blue,14
ConnLab,-94,2025-11-03 11:30:33,Laptop-priority/current-periodics,Blue,14
IB-811_5G,-94,2025-11-03 11:30:33,Laptop-priority/current-periodics,Blue,17
Vivi,-89,2025-11-03 11:30:33,Laptop-priority/current-periodics,Blue,19
810-2_5G,-93,2025-11-03 11:30:33,Laptop-priority/current-periodics,Blue,19
æ±å°å¦,-77,2025-11-03 11:30:33,Laptop-priority/current-periodics,Blue,19
Winniebear,-75,2025-11-03 11:30:33,Laptop-priority/current-periodics,Blue,19
Yie & Esther,-92,2025-11-03 11:30:33,Laptop-priority/current-periodics,Blue,16
ROOM-810_ç°æ§,-93,2025-11-03 11:30:33,Laptop-priority/current-periodics,Blue,18
ASUS,-89,2025-11-03 11:30:33,Laptop-priority/current-periodics,Blue,13
GIDLE401-1_5G,-95,2025-11-03 11:30:33,Laptop-priority/current-periodics,Blue,17
TR-1021_5G,-92,2025-11-03 11:30:33,Laptop-priority/current-periodics,Blue,15
Xiaomi 14T Pro,-81,2025-11-03 11:30:33,Laptop-priority/current-periodics,Blue,8
mcnlab,-89,2025-11-03 11:30:33,Laptop-priority/current-periodics,Blue,19
Sparktech-Guest,-89,2025-11-03 11:30:33,Laptop-priority/current-periodics,Blue,8
Everfocus,-88,2025-11-03 11:30:33,Laptop-priority/current-periodics,Blue,8
SparkOffice-WIFI,-88,2025-11-03 11:30:33,Laptop-priority/current-periodics,Blue,8
AndroidAPB7B6,-67,2025-11-03 11:30:33,Laptop-priority/current-periodics,Blue,16
RTCL.speed,-96,2025-11-03 11:30:33,Laptop-priority/current-periodics,Blue,10
ä¾é½ä¾äº,-96,2025-11-03 11:30:33,Laptop-priority/current-periodics,Blue,20
Aolab300-3_5G,-94,2025-11-03 11:30:33,Laptop-priority/current-periodics,Blue,10
CI3D_5G,-93,2025-11-03 11:30:33,Laptop-priority/current-periodics,Blue,15
t4-602-1,-93,2025-11-03 11:30:33,Laptop-priority/current-periodics,Blue,7
RTCL,-71,2025-11-03 11:30:33,Laptop-priority/current-periodics,Blue,8
Peter_Wang,-79,2025-11-03 11:30:33,Laptop-priority/current-periodics,Blue,8
AEML_5G,-98,2025-11-03 11:30:33,Laptop-priority/current-periodics,Blue,8
Benben_IoT,-89,2025-11-03 11:30:33,Laptop-priority/current-periodics,Blue,11
Benben-5G,-89,2025-11-03 11:30:33,Laptop-priority/current-periodics,Blue,11
NGLA_24G,-74,2025-11-03 11:30:33,Laptop-priority/current-periodics,Blue,8
ESPEL_5G,-92,2025-11-03 11:30:33,Laptop-priority/current-periodics,Blue,14
NTUST.AD,-82,2025-11-03 11:30:33,Laptop-priority/current-periodics,Blue,8
ptt,-97,2025-11-03 11:30:33,Laptop-priority/current-periodics,Blue,7
ESD_5G,-91,2025-11-03 11:30:33,Laptop-priority/current-periodics,Blue,9
PBL713_5G,-94,2025-11-03 11:30:33,Laptop-priority/current-periodics,Blue,7
TR1102-3,-96,2025-11-03 11:30:33,Laptop-priority/current-periodics,Blue,8
Yie Office,-88,2025-11-03 11:30:33,Laptop-priority/current-periodics,Blue,8
iPhone de guill,-92,2025-11-03 11:30:33,Laptop-priority/current-periodics,Blue,7
810-2,-85,2025-11-03 11:30:33,Laptop-priority/current-periodics,Blue,6
Android_6222,-96,2025-11-03 11:30:33,Laptop-priority/current-periodics,Blue,5
VUKSRV21_1464,-78,2025-11-03 11:30:33,Laptop-priority/current-periodics,Blue,1
NTUST-UAM,-79,2025-11-03 11:33:05,Main-stairs/Top-picks,Coral,748
NTUST-PEAP,-78,2025-11-03 11:33:05,Main-stairs/Top-picks,Coral,672
eduroam,-80,2025-11-03 11:33:05,Main-stairs/Top-picks,Coral,379
810-1_5G,-97,2025-11-03 11:33:05,Main-stairs/Top-picks,Coral,8
SEED603,-96,2025-11-03 11:33:05,Main-stairs/Top-picks,Coral,9
Aolab300-3_5G,-96,2025-11-03 11:33:05,Main-stairs/Top-picks,Coral,9
IB-9F,-94,2025-11-03 11:33:05,Main-stairs/Top-picks,Coral,10
810-2_5G,-89,2025-11-03 11:33:05,Main-stairs/Top-picks,Coral,12
BBA-1028,-93,2025-11-03 11:33:05,Main-stairs/Top-picks,Coral,13
iPhone de guill,-87,2025-11-03 11:33:05,Main-stairs/Top-picks,Coral,19
TR-1021_5G,-96,2025-11-03 11:33:05,Main-stairs/Top-picks,Coral,11
ROOM-810_ç°æ§,-89,2025-11-03 11:33:05,Main-stairs/Top-picks,Coral,19
æ±å°å¦,-92,2025-11-03 11:33:05,Main-stairs/Top-picks,Coral,19
CI3D_5G,-90,2025-11-03 11:33:05,Main-stairs/Top-picks,Coral,19
Vivi,-81,2025-11-03 11:33:05,Main-stairs/Top-picks,Coral,19
Winniebear,-71,2025-11-03 11:33:05,Main-stairs/Top-picks,Coral,19
Library-Office,-82,2025-11-03 11:33:05,Main-stairs/Top-picks,Coral,34
general_7006,-78,2025-11-03 11:33:05,Main-stairs/Top-picks,Coral,18
Bradley's S22 Ultra,-70,2025-11-03 11:33:05,Main-stairs/Top-picks,Coral,18
IB1225_5G,-96,2025-11-03 11:33:05,Main-stairs/Top-picks,Coral,7
ESPGW_5c560f90a994,-81,2025-11-03 11:33:05,Main-stairs/Top-picks,Coral,8
Nexlit-5GHz,-92,2025-11-03 11:33:05,Main-stairs/Top-picks,Coral,10
CI3D,-68,2025-11-03 11:33:05,Main-stairs/Top-picks,Coral,8
Android_6222,-97,2025-11-03 11:33:05,Main-stairs/Top-picks,Coral,16
Pixel_jerry,-96,2025-11-03 11:33:05,Main-stairs/Top-picks,Coral,16
Yie & Esther,-94,2025-11-03 11:33:05,Main-stairs/Top-picks,Coral,14
Yie Office,-94,2025-11-03 11:33:05,Main-stairs/Top-picks,Coral,8
Hidden_Network,-88,2025-11-03 11:33:05,Main-stairs/Top-picks,Coral,68
ConnLab-Guest,-83,2025-11-03 11:33:05,Main-stairs/Top-picks,Coral,28
ConnLab,-79,2025-11-03 11:33:05,Main-stairs/Top-picks,Coral,29
ESD_5G,-92,2025-11-03 11:33:05,Main-stairs/Top-picks,Coral,15
TR828_5G,-94,2025-11-03 11:33:05,Main-stairs/Top-picks,Coral,7
VUKSRV21_1464,-91,2025-11-03 11:33:05,Main-stairs/Top-picks,Coral,9
å°ç§å¤§éå£LED,-85,2025-11-03 11:33:05,Main-stairs/Top-picks,Coral,8
RB501,-96,2025-11-03 11:33:05,Main-stairs/Top-picks,Coral,10
NTUST.AD_5G,-96,2025-11-03 11:33:05,Main-stairs/Top-picks,Coral,8
Benben-5G,-96,2025-11-03 11:33:05,Main-stairs/Top-picks,Coral,8
Benben_IoT,-94,2025-11-03 11:33:05,Main-stairs/Top-picks,Coral,8
SparkOffice-WIFI,-94,2025-11-03 11:33:05,Main-stairs/Top-picks,Coral,8
Sparktech-Guest,-93,2025-11-03 11:33:05,Main-stairs/Top-picks,Coral,8
Everfocus,-93,2025-11-03 11:33:05,Main-stairs/Top-picks,Coral,8
ASUS,-79,2025-11-03 11:33:05,Main-stairs/Top-picks,Coral,7
NTUST.AD,-74,2025-11-03 11:33:05,Main-stairs/Top-picks,Coral,3
NTUST,-96,2025-11-03 11:33:05,Main-stairs/Top-picks,Coral,2
AndroidAPB7B6,-87,2025-11-03 11:33:05,Main-stairs/Top-picks,Coral,2
MUTEC-5G,-95,2025-11-03 11:33:05,Main-stairs/Top-picks,Coral,1
NTUST-UAM,-75,2025-11-03 11:35:10,Top-picks/Audiovisual,Lilac,517
NTUST-PEAP,-74,2025-11-03 11:35:10,Top-picks/Audiovisual,Lilac,511
eduroam,-79,2025-11-03 11:35:10,Top-picks/Audiovisual,Lilac,320
ConnLab,-85,2025-11-03 11:35:10,Top-picks/Audiovisual,Lilac,37
Library-Office,-85,2025-11-03 11:35:10,Top-picks/Audiovisual,Lilac,40
ConnLab-Guest,-85,2025-11-03 11:35:10,Top-picks/Audiovisual,Lilac,38
å°ç§å¤§éå£LED,-92,2025-11-03 11:35:10,Top-picks/Audiovisual,Lilac,20
general_7006,-78,2025-11-03 11:35:10,Top-picks/Audiovisual,Lilac,14
MUTEC-5G,-96,2025-11-03 11:35:10,Top-picks/Audiovisual,Lilac,10
IB-9F,-94,2025-11-03 11:35:10,Top-picks/Audiovisual,Lilac,17
Hidden_Network,-87,2025-11-03 11:35:10,Top-picks/Audiovisual,Lilac,62
iPhone de guill,-94,2025-11-03 11:35:10,Top-picks/Audiovisual,Lilac,19
Winniebear,-83,2025-11-03 11:35:10,Top-picks/Audiovisual,Lilac,19
Vivi,-72,2025-11-03 11:35:10,Top-picks/Audiovisual,Lilac,19
Yie Office,-97,2025-11-03 11:35:10,Top-picks/Audiovisual,Lilac,9
Android_6222,-97,2025-11-03 11:35:10,Top-picks/Audiovisual,Lilac,17
CI3D_5G,-89,2025-11-03 11:35:10,Top-picks/Audiovisual,Lilac,18
Nexlit-5GHz,-94,2025-11-03 11:35:10,Top-picks/Audiovisual,Lilac,15
D-Link AX1500,-97,2025-11-03 11:35:10,Top-picks/Audiovisual,Lilac,9
iPhone Wen,-87,2025-11-03 11:35:10,Top-picks/Audiovisual,Lilac,10
FK-11308-3,-82,2025-11-03 11:35:10,Top-picks/Audiovisual,Lilac,13
æ±å°å¦,-95,2025-11-03 11:35:10,Top-picks/Audiovisual,Lilac,15
AirBox2-F5E6,-84,2025-11-03 11:35:10,Top-picks/Audiovisual,Lilac,10
NGLA_24G,-80,2025-11-03 11:35:10,Top-picks/Audiovisual,Lilac,7
TR-1021_5G,-95,2025-11-03 11:35:10,Top-picks/Audiovisual,Lilac,6
Bradley's S22 Ultra,-95,2025-11-03 11:35:10,Top-picks/Audiovisual,Lilac,5
Pixel_jerry,-98,2025-11-03 11:35:10,Top-picks/Audiovisual,Lilac,4
ROOM-810_ç°æ§,-91,2025-11-03 11:35:10,Top-picks/Audiovisual,Lilac,3
S36_4K-94C3,-81,2025-11-03 11:35:10,Top-picks/Audiovisual,Lilac,3
Hsieh Lab,-97,2025-11-03 11:35:10,Top-picks/Audiovisual,Lilac,2
NTUST-UAM,-84,2025-11-03 11:37:21,Hallway/LeftEnd,Pink,712
NTUST-PEAP,-83,2025-11-03 11:37:21,Hallway/LeftEnd,Pink,666
eduroam,-85,2025-11-03 11:37:21,Hallway/LeftEnd,Pink,389
ConnLab-Guest,-82,2025-11-03 11:37:21,Hallway/LeftEnd,Pink,39
general_7006,-73,2025-11-03 11:37:21,Hallway/LeftEnd,Pink,10
ConnLab,-81,2025-11-03 11:37:21,Hallway/LeftEnd,Pink,38
Library-Office,-82,2025-11-03 11:37:21,Hallway/LeftEnd,Pink,40
Pixel_jerry,-91,2025-11-03 11:37:21,Hallway/LeftEnd,Pink,19
Vivi,-88,2025-11-03 11:37:21,Hallway/LeftEnd,Pink,10
Winniebear,-93,2025-11-03 11:37:21,Hallway/LeftEnd,Pink,11
Hidden_Network,-83,2025-11-03 11:37:21,Hallway/LeftEnd,Pink,103
iPhone de guill,-97,2025-11-03 11:37:21,Hallway/LeftEnd,Pink,8
å°ç§å¤§éå£LED,-94,2025-11-03 11:37:21,Hallway/LeftEnd,Pink,9
Dilnk-D5,-88,2025-11-03 11:37:21,Hallway/LeftEnd,Pink,8
ROOM-810_ç°æ§,-97,2025-11-03 11:37:21,Hallway/LeftEnd,Pink,8
t4-602-1,-94,2025-11-03 11:37:21,Hallway/LeftEnd,Pink,7
TP-Link_Guest_13D4,-92,2025-11-03 11:37:21,Hallway/LeftEnd,Pink,8
DIRECT-D5-EPSON-L14150 Series,-88,2025-11-03 11:37:21,Hallway/LeftEnd,Pink,8
RBdesign,-90,2025-11-03 11:37:21,Hallway/LeftEnd,Pink,12
RB201,-82,2025-11-03 11:37:21,Hallway/LeftEnd,Pink,9
CI3D,-92,2025-11-03 11:37:21,Hallway/LeftEnd,Pink,6
meg1029_IoT,-88,2025-11-03 11:37:21,Hallway/LeftEnd,Pink,11
Sparktech-Guest,-95,2025-11-03 11:37:21,Hallway/LeftEnd,Pink,7
Everfocus,-95,2025-11-03 11:37:21,Hallway/LeftEnd,Pink,7
SparkOffice-WIFI,-95,2025-11-03 11:37:21,Hallway/LeftEnd,Pink,7
meg1029,-94,2025-11-03 11:37:21,Hallway/LeftEnd,Pink,5
hpclab,-93,2025-11-03 11:37:21,Hallway/LeftEnd,Pink,5
TR-1021_5G,-92,2025-11-03 11:37:21,Hallway/LeftEnd,Pink,5
BBA-1028,-91,2025-11-03 11:37:21,Hallway/LeftEnd,Pink,5
OnyxWireless-Office,-90,2025-11-03 11:37:21,Hallway/LeftEnd,Pink,5
OnyxWireless-GUEST,-92,2025-11-03 11:37:21,Hallway/LeftEnd,Pink,7
Wireless-LDAP,-89,2025-11-03 11:37:21,Hallway/LeftEnd,Pink,5
"""T1-202""",-85,2025-11-03 11:37:21,Hallway/LeftEnd,Pink,7
mvclab,-85,2025-11-03 11:37:21,Hallway/LeftEnd,Pink,7
Benben_IoT,-85,2025-11-03 11:37:21,Hallway/LeftEnd,Pink,7
Benben,-86,2025-11-03 11:37:21,Hallway/LeftEnd,Pink,7
iHelper-Office,-72,2025-11-03 11:37:21,Hallway/LeftEnd,Pink,5
Yie & Esther,-94,2025-11-03 11:37:21,Hallway/LeftEnd,Pink,4
Yie Office,-94,2025-11-03 11:37:21,Hallway/LeftEnd,Pink,4
NTUST.AD,-96,2025-11-03 11:37:21,Hallway/LeftEnd,Pink,2
R18-2CB1,-85,2025-11-03 11:37:21,Hallway/LeftEnd,Pink,6
Dean,-83,2025-11-03 11:37:21,Hallway/LeftEnd,Pink,6
RB308-3,-82,2025-11-03 11:37:21,Hallway/LeftEnd,Pink,6
NVCGAL,-79,2025-11-03 11:37:21,Hallway/LeftEnd,Pink,6
Siaomimo906,-99,2025-11-03 11:37:21,Hallway/LeftEnd,Pink,1
GIDLE606,-97,2025-11-03 11:37:21,Hallway/LeftEnd,Pink,2
IB1106,-97,2025-11-03 11:37:21,Hallway/LeftEnd,Pink,2
TP-Link_FC52,-96,2025-11-03 11:37:21,Hallway/LeftEnd,Pink,5
DIRECT-4B-HP M479fdw Color LJ,-95,2025-11-03 11:37:21,Hallway/LeftEnd,Pink,5
dlink-2F90,-94,2025-11-03 11:37:21,Hallway/LeftEnd,Pink,5
Redmi Note 9,-94,2025-11-03 11:37:21,Hallway/LeftEnd,Pink,6
E1-438-dlink,-92,2025-11-03 11:37:21,Hallway/LeftEnd,Pink,5
Opking_wifi6,-90,2025-11-03 11:37:21,Hallway/LeftEnd,Pink,6
DIRECT-1E356EB9C781FGONy,-89,2025-11-03 11:37:21,Hallway/LeftEnd,Pink,5
HAIR,-89,2025-11-03 11:37:21,Hallway/LeftEnd,Pink,5
PMCCLLab,-88,2025-11-03 11:37:21,Hallway/LeftEnd,Pink,5
RB501,-88,2025-11-03 11:37:21,Hallway/LeftEnd,Pink,6
DIRECT-1E3D4EB9C783DGO_x,-85,2025-11-03 11:37:21,Hallway/LeftEnd,Pink,5
T4-406,-96,2025-11-03 11:37:21,Hallway/LeftEnd,Pink,6
NTUST,-92,2025-11-03 11:37:21,Hallway/LeftEnd,Pink,6
ASUS,-92,2025-11-03 11:37:21,Hallway/LeftEnd,Pink,6
STMB3000_3375,-98,2025-11-03 11:37:21,Hallway/LeftEnd,Pink,1
NTUST-UAM,-85,2025-11-03 11:39:52,Stairs/RightEnd,Orange,644
NTUST-PEAP,-85,2025-11-03 11:39:52,Stairs/RightEnd,Orange,664
CI3D_5G,-97,2025-11-03 11:39:52,Stairs/RightEnd,Orange,4
eduroam,-85,2025-11-03 11:39:52,Stairs/RightEnd,Orange,336
Vivi,-92,2025-11-03 11:39:52,Stairs/RightEnd,Orange,11
imer phone,-95,2025-11-03 11:39:52,Stairs/RightEnd,Orange,5
FK-11308-3,-88,2025-11-03 11:39:52,Stairs/RightEnd,Orange,5
ConnLab,-81,2025-11-03 11:39:52,Stairs/RightEnd,Orange,30
Hidden_Network,-86,2025-11-03 11:39:52,Stairs/RightEnd,Orange,111
Library-Office,-78,2025-11-03 11:39:52,Stairs/RightEnd,Orange,29
Pixel_jerry,-77,2025-11-03 11:39:52,Stairs/RightEnd,Orange,20
ConnLab-Guest,-77,2025-11-03 11:39:52,Stairs/RightEnd,Orange,28
EML_EHP,-92,2025-11-03 11:39:52,Stairs/RightEnd,Orange,8
"""T1-202""",-86,2025-11-03 11:39:52,Stairs/RightEnd,Orange,19
ASUS,-87,2025-11-03 11:39:52,Stairs/RightEnd,Orange,18
TR-1021,-79,2025-11-03 11:39:52,Stairs/RightEnd,Orange,10
RB201,-80,2025-11-03 11:39:52,Stairs/RightEnd,Orange,26
PMCCLLab,-87,2025-11-03 11:39:52,Stairs/RightEnd,Orange,5
WangOffice,-92,2025-11-03 11:39:52,Stairs/RightEnd,Orange,6
Ce2,-91,2025-11-03 11:39:52,Stairs/RightEnd,Orange,20
NTUST.AD,-84,2025-11-03 11:39:52,Stairs/RightEnd,Orange,16
T1-202_2,-96,2025-11-03 11:39:52,Stairs/RightEnd,Orange,1
T1-DT01_5G,-97,2025-11-03 11:39:52,Stairs/RightEnd,Orange,12
NETGEAR19,-95,2025-11-03 11:39:52,Stairs/RightEnd,Orange,1
meg1029,-78,2025-11-03 11:39:52,Stairs/RightEnd,Orange,6
OnyxWireless-Office,-93,2025-11-03 11:39:52,Stairs/RightEnd,Orange,7
Yie & Esther,-89,2025-11-03 11:39:52,Stairs/RightEnd,Orange,12
Yie Office,-93,2025-11-03 11:39:52,Stairs/RightEnd,Orange,16
T4-406,-93,2025-11-03 11:39:52,Stairs/RightEnd,Orange,5
NTUST,-91,2025-11-03 11:39:52,Stairs/RightEnd,Orange,10
SCLAB,-93,2025-11-03 11:39:52,Stairs/RightEnd,Orange,5
YY,-91,2025-11-03 11:39:52,Stairs/RightEnd,Orange,6
iHelper-Office,-93,2025-11-03 11:39:52,Stairs/RightEnd,Orange,5
Virus,-92,2025-11-03 11:39:52,Stairs/RightEnd,Orange,6
KO_3_ASUS,-92,2025-11-03 11:39:52,Stairs/RightEnd,Orange,5
Atechoem,-94,2025-11-03 11:39:52,Stairs/RightEnd,Orange,14
TR-1021_5G,-88,2025-11-03 11:39:52,Stairs/RightEnd,Orange,8
DIRECT-D5-EPSON-L14150 Series,-92,2025-11-03 11:39:52,Stairs/RightEnd,Orange,12
DIRECT-1E396EB9C782FGO5Y,-91,2025-11-03 11:39:52,Stairs/RightEnd,Orange,5
ptt,-83,2025-11-03 11:39:52,Stairs/RightEnd,Orange,12
RBdesign,-88,2025-11-03 11:39:52,Stairs/RightEnd,Orange,6
OnyxWireless-GUEST,-88,2025-11-03 11:39:52,Stairs/RightEnd,Orange,6
Wireless-LDAP,-87,2025-11-03 11:39:52,Stairs/RightEnd,Orange,6
T4-708,-87,2025-11-03 11:39:52,Stairs/RightEnd,Orange,6
GIDLE606,-87,2025-11-03 11:39:52,Stairs/RightEnd,Orange,6
mvclab,-87,2025-11-03 11:39:52,Stairs/RightEnd,Orange,6
IA-1003,-86,2025-11-03 11:39:52,Stairs/RightEnd,Orange,5
meg1029_IoT,-82,2025-11-03 11:39:52,Stairs/RightEnd,Orange,8
T1-DT02,-81,2025-11-03 11:39:52,Stairs/RightEnd,Orange,15
ROOM-810_ç°æ§,-89,2025-11-03 11:39:52,Stairs/RightEnd,Orange,11
dlink-2F90,-84,2025-11-03 11:39:52,Stairs/RightEnd,Orange,8
DIRECT-1HaD3EB9C7FCCGOrj,-84,2025-11-03 11:39:52,Stairs/RightEnd,Orange,5
sfchou_2G,-82,2025-11-03 11:39:52,Stairs/RightEnd,Orange,8
T1-400,-83,2025-11-03 11:39:52,Stairs/RightEnd,Orange,5
ASUS_70_2G,-87,2025-11-03 11:39:52,Stairs/RightEnd,Orange,8
ME-E1-1F,-82,2025-11-03 11:39:52,Stairs/RightEnd,Orange,5
T1-DT01,-83,2025-11-03 11:39:52,Stairs/RightEnd,Orange,8
HAIR,-82,2025-11-03 11:39:52,Stairs/RightEnd,Orange,6
NVCGAL,-82,2025-11-03 11:39:52,Stairs/RightEnd,Orange,8
Redmi Note 9,-90,2025-11-03 11:39:52,Stairs/RightEnd,Orange,8
DIRECT-1E3D4EB9C783DGO_x,-80,2025-11-03 11:39:52,Stairs/RightEnd,Orange,5
DIRECT-67-HP M283 LaserJet,-74,2025-11-03 11:39:52,Stairs/RightEnd,Orange,6
RB501,-83,2025-11-03 11:39:52,Stairs/RightEnd,Orange,12
Benben,-79,2025-11-03 11:39:52,Stairs/RightEnd,Orange,8
RSC_Office,-80,2025-11-03 11:39:52,Stairs/RightEnd,Orange,6
TR1020,-79,2025-11-03 11:39:52,Stairs/RightEnd,Orange,5
BBA-1028,-85,2025-11-03 11:39:52,Stairs/RightEnd,Orange,13
TR828,-77,2025-11-03 11:39:52,Stairs/RightEnd,Orange,6
BMW705-7,-94,2025-11-03 11:39:52,Stairs/RightEnd,Orange,1
Sparktech-Guest,-95,2025-11-03 11:39:52,Stairs/RightEnd,Orange,11
SparkOffice-WIFI,-94,2025-11-03 11:39:52,Stairs/RightEnd,Orange,20
Everfocus,-93,2025-11-03 11:39:52,Stairs/RightEnd,Orange,18
fuli8714,-84,2025-11-03 11:39:52,Stairs/RightEnd,Orange,7
DIRECT-1DpD1EB46473AGOJw,-83,2025-11-03 11:39:52,Stairs/RightEnd,Orange,5
AC-Office(T1-203),-82,2025-11-03 11:39:52,Stairs/RightEnd,Orange,5
Opking_wifi6,-80,2025-11-03 11:39:52,Stairs/RightEnd,Orange,5
GIDLE607,-93,2025-11-03 11:39:52,Stairs/RightEnd,Orange,4
T4-306,-90,2025-11-03 11:39:52,Stairs/RightEnd,Orange,6
DIRECT-1E356EB9C781FGONy,-87,2025-11-03 11:39:52,Stairs/RightEnd,Orange,6
Benben_IoT,-83,2025-11-03 11:39:52,Stairs/RightEnd,Orange,18
DIRECT-1GaCmEB573BC0GOZH,-96,2025-11-03 11:39:52,Stairs/RightEnd,Orange,5
Benben-5G,-90,2025-11-03 11:39:52,Stairs/RightEnd,Orange,5
DIRECT-d6-HP M236 LaserJet,-89,2025-11-03 11:39:52,Stairs/RightEnd,Orange,5
TR828_5G,-98,2025-11-03 11:39:52,Stairs/RightEnd,Orange,9
SpatialMedia,-92,2025-11-03 11:39:52,Stairs/RightEnd,Orange,6
AndroidAPB7B6,-84,2025-11-03 11:39:52,Stairs/RightEnd,Orange,10
701-1,-89,2025-11-03 11:39:52,Stairs/RightEnd,Orange,8
Winniebear,-93,2025-11-03 11:39:52,Stairs/RightEnd,Orange,7
T1-DT02_5G,-86,2025-11-03 11:39:52,Stairs/RightEnd,Orange,7
sanwu98,-91,2025-11-03 11:39:52,Stairs/RightEnd,Orange,3
